Ticker,Group,Breakeven Price,Proposed Price
ACB,C,14050,20400.82,22029.88,23023.0,20400
BAB,C,9110,13986.08,15407.06,16196.1,14000
BID,A,18650,25676.84,27527.13,28471.55,28450
NVB,C,15000,22116.16,24145.04,25256.8,22100
CTG,A,12300,18745.95,20508.14,21435.0,21450
SHB,C,9470,15435.0,17077.83,17926.15,15450
EIB,C,11750,16398.92,17791.72,18465.0,16400
AAV,B,8930,13825.95,15332.14,16225.9,15350
HDB,C,8020,13349.74,14901.44,15724.7,13350
ABT,B,11900,17328.03,18645.0,19385.15,18650
LPB,C,10450,15123.72,16449.8,17194.9,15100
ACM,Not enough data,100,434.0,593.0,701.0,Not enough data
MBB,A,9870,15785.84,17362.73,18315.0,18300
MSB,A,13200,19187.68,20629.12,21443.0,21450
ADC,A,4870,10732.22,12638.66,13895.0,13900
OCB,B,8260,12984.72,14266.64,14999.6,14250
CAG,B,4460,8850.42,10222.0,11007.0,10200
SSB,C,15600,22923.98,24835.62,26065.9,22900
ALT,B,2890,5782.91,6612.0,7065.7,6610
STB,C,6600,12092.77,13809.0,14716.0,12100
AMC,Not enough data,5730,10192.8,11417.0,12073.0,Not enough data
TCB,A,24850,33940.3,36360.75,37688.25,37700
AME,Not enough data,2440,4199.2,4737.0,5056.0,Not enough data
TPB,C,15850,22904.38,24671.14,25765.95,22900
AMV,B,4760,7229.0,7913.639999999999,8270.2,7910
VCB,A,52800,70478.65,74734.0,76916.3,76900
API,B,7540,12494.61,14177.15,15003.05,14200
VIB,C,13100,20814.0,22957.25,24255.0,20800
APP,B,750,2019.0,2512.44,2793.0,2510
VPB,A,33500,44497.15,47585.19,49120.15,49100
ARM,B,21600,31788.88,34785.52,36259.6,34800
AAA,B,6300,9589.0,10437.29,10875.15,10450
ASG,B,11850,16839.06,18093.18,18820.0,18100
ATS,B,20750,25759.74,26903.14,27597.0,26900
AAM,A,1900,3870.0,4556.0,4964.3,4960
BNA,Not enough data,25250,39902.12,44539.23,46633.65,Not enough data
ABS,B,5470,9386.0,10566.0,11184.0,10550
BBC,B,21750,32655.28,36519.42,38550.6,36500
ACC,C,4980,7947.0,8786.0,9221.0,7950
BBS,D,2620,4927.7,5588.0,5932.75,2620
ACL,B,5330,7770.74,8424.0,8759.0,8420
AGM,C,8040,13855.9,15962.279999999999,17128.0,13850
BCC,B,6680,10575.2,11718.24,12324.0,11700
AGG,C,27150,34306.35,36066.0,37062.35,34300
BDB,C,5270,7666.97,8262.0,8558.95,7670
BED,B,22800,32643.12,35106.04,36652.0,35100
AMD,B,540,1391.0,1677.0,1839.0,1680
BII,B,5130,9198.84,11220.05,11982.15,11200
ANV,B,12050,18665.88,20406.64,21497.0,20400
BKC,D,650,1546.0,1886.57,2094.0,650
APC,A,8720,12423.89,13556.0,14155.0,14150
BLF,D,1240,1816.46,1955.0,2034.0,1240
APH,B,15800,25820.72,28672.0,30166.0,28650
BPC,B,3300,5663.36,6357.0,6727.0,6360
HII,B,6280,9894.7,10791.2,11263.0,10800
BSC,A,7600,10096.41,10729.0,11070.0,11050
ASM,B,3250,6295.0,7327.03,7936.05,7330
BST,A,3930,6580.9400000000005,7558.0,8097.85,8100
ASP,C,3400,4910.79,5278.37,5471.0,4910
BTS,B,1190,2621.56,3113.0,3403.9,3110
BCE,C,5760,8259.0,8911.5,9306.0,8260
BTW,A,8400,15652.92,17653.44,18797.0,18800
BXH,B,7220,8769.0,9131.0,9324.0,9130
BCG,C,7130,10964.24,12061.36,12658.3,10950
C69,B,1950,4293.77,5103.0,5543.0,5100
C92,D,620,1463.69,1764.0,1928.4500000000003,620
BFC,B,9350,15556.56,17721.84,18871.85,17700
CAN,B,7210,14706.6,16960.3,18202.5,16950
BHN,A,25450,35128.38,37942.14,39436.45,39450
CAP,A,48200,57579.56,60449.84,61840.6,61800
BCM,B,21350,30087.0,32424.5,33737.0,32400
CAV,C,33450,43699.96,46303.88,47604.0,43700
DBD,B,32500,40479.05,42414.49,43427.0,42400
VSM,A,7350,11425.57,12820.71,13615.85,13600
BWE,C,21000,28287.45,30090.34,31182.0,28300
CEO,D,2620,4737.84,5331.04,5641.0,2620
BMC,B,3710,8102.09,9490.0,10260.15,9490
CJC,Not enough data,6480,9554.94,10397.91,10835.0,Not enough data
BMP,A,27950,37634.48,39813.88,40941.8,40950
CKV,A,4060,6707.31,7473.0,7882.55,7880
BRC,C,7120,9779.1,10517.0,10887.1,9780
CMC,C,1470,2492.21,2875.0,3078.05,2490
BTP,C,8530,11602.05,12403.0,12806.0,11600
BTT,B,22850,32767.71,35278.0,36613.55,35300
CMS,C,460,1253.0,1549.0,1714.0,1250
C32,B,13250,18354.29,19588.29,20193.0,19600
CPC,B,7770,11394.4,12497.8,13088.0,12500
C47,C,4730,6915.0,7526.0,7892.0,6920
CIA,C,4760,6989.0,7626.0,7982.15,6990
CSC,D,27800,41163.43,45059.3,46918.2,27800
CCI,A,6380,10267.880000000001,11406.94,12103.0,12100
CTB,C,11400,17165.25,18536.0,19311.75,17150
CCL,C,2090,4895.0,5813.0,6332.0,4900
CTC,C,1090,2229.0,2561.0,2737.0,2230
CDC,C,3880,6501.64,7251.0,7659.0,6500
CTP,B,1270,2278.0,2607.0,2797.0,2610
CEE,C,2800,5585.11,6457.11,6959.85,5590
CTT,Not enough data,5460,7530.59,8180.0,8513.0,Not enough data
CRE,A,26700,37091.1,40005.15,41373.0,41350
CTX,C,2250,3853.67,4331.01,4597.0,3850
STK,A,24100,32741.16,34975.52,36343.6,36350
CVN,A,3240,4758.0,5197.0599999999995,5436.0,5440
CHP,C,12350,14917.0,15545.0,15854.65,14900
CX8,C,3050,4332.97,4673.0,4848.0,4330
CIG,D,2100,3858.64,4381.0,4699.0,2100
D11,D,8310,13841.12,15357.119999999999,16127.4,8310
CII,C,8310,11522.88,12430.82,12925.7,11500
DAD,B,9190,14660.4,16152.44,17080.0,16150
CKG,D,9880,14948.39,16310.17,16986.95,9880
DAE,A,8340,12669.26,13797.0,14488.1,14500
CLC,A,15850,22328.65,23939.77,24717.0,24700
DC2,B,1200,3319.0,4161.0,4634.05,4160
ADG,A,22050,29741.26,31751.39,32762.0,32750
DHP,A,6040,7746.91,8162.73,8390.0,8390
CLL,A,16950,22651.51,24309.0,25176.3,25200
DHT,B,31600,37381.24,38739.72,39427.2,38750
CLW,A,11000,17589.0,19322.41,20245.0,20250
DIH,C,2190,5809.7,7164.7,7994.0,5810
CMG,B,26950,36568.8,38936.84,40393.8,38950
DL1,Not enough data,1310,2808.0,3246.0,3507.0,Not enough data
CMV,A,3040,5762.0,6620.0,7079.0,7080
DNC,C,11300,24581.74,28675.0,30821.8,24600
CMX,B,4960,7471.98,8192.94,8581.9,8190
DNM,C,8460,15351.75,17464.75,18566.25,15350
CNG,B,15450,19617.25,21045.55,21752.0,21050
DNP,B,6750,10650.92,11762.0,12337.2,11750
COM,A,6700,14629.4,17441.0,19147.5,19150
DPC,A,5780,10293.1,11839.0,12635.05,12650
DPS,Not enough data,290,431.0,472.0,494.0,Not enough data
CRC,B,2440,4994.45,5771.35,6202.25,5770
DST,Not enough data,620,1458.6599999999999,1709.98,1853.0,Not enough data
CSM,C,7940,11472.56,12323.0,12752.0,11450
DXP,A,7060,11487.16,12676.62,13430.0,13450
CSV,A,22150,30866.8,33034.4,34356.6,34350
CTD,A,29300,40562.4,43997.2,45866.0,45850
DZM,C,1380,2312.34,2623.0,2791.0,2310
CTF,C,11550,14591.0,15340.0,15717.9,14600
EBA,C,10550,12429.26,12926.56,13137.3,12450
CTI,C,7400,10730.0,11622.0,12092.0,10750
EBS,B,4380,6071.0,6510.0,6746.7,6510
ICT,B,7920,11507.09,12467.09,12961.15,12450
ECI,A,27550,35660.45,37591.14,38766.0,38750
EID,C,12450,16521.2,17643.4,18145.0,16500
CVT,B,8060,16302.15,18897.35,20303.0,18900
FID,A,560,1397.0,1689.0,1854.0,1850
D2D,A,19600,30323.7,33305.4,34840.0,34850
DP3,A,48950,74373.58,81069.64,84765.5,84800
DAG,D,2220,3271.77,3526.0,3668.0,2220
GDW,A,4580,10022.48,11719.72,12632.0,12650
DAH,C,2000,3860.87,4590.0,4993.450000000001,3860
ADS,C,18200,24591.44,26233.56,27216.2,24600
GLT,A,8400,15956.23,18113.46,19288.05,19300
GMA,B,28750,41000.5,43928.5,45569.5,43950
DPG,A,12350,21304.51,23816.0,25371.55,25350
GMX,B,7360,11784.25,12970.15,13615.5,12950
DBC,A,24050,36814.6,39993.72,41712.0,41700
GIC,Not enough data,7650,12733.84,14150.78,14850.1,Not enough data
DBT,C,6630,10032.72,11050.04,11607.8,10050
PHN,A,13200,22255.21,24732.63,26079.15,26100
DC4,C,5680,8508.0,9294.0,9697.15,8510
HAD,B,7650,10672.23,11521.0,11960.0,11500
DCL,B,16850,25096.21,27409.0,28682.85,27400
HAT,A,8560,12431.52,13439.0,14013.0,14000
DCM,A,6240,11063.5,12527.0,13371.75,13350
DGC,A,61300,82200.46,88357.78,91178.6,91200
HBE,A,1640,3236.63,3674.0,3918.0,3920
DGW,A,16550,35545.84,41648.6,45384.8,45400
HCC,B,5060,7128.9800000000005,7628.0,7886.0,7630
DHA,A,25800,33891.24,35918.48,37011.4,37000
HCT,Not enough data,3500,5836.96,6724.0,7201.0,Not enough data
DHC,A,41300,56882.4,61040.2,63317.0,63300
HDA,C,13300,17561.66,18617.56,19281.2,17550
DHG,A,62400,77080.0,80743.8,82545.6,82500
HEV,A,820,3076.56,4082.34,4670.0,4670
DHM,C,7870,9401.26,9784.26,9976.0,9400
HGM,A,21800,28200.75,29886.6,30734.5,30750
TTE,C,1680,3393.0,3941.0,4264.5,3390
HHC,D,15600,29616.3,33955.7,36311.5,15600
DIG,C,13200,20151.92,22115.79,23164.0,20150
HHG,C,570,1301.0,1541.79,1675.0,1300
DLG,D,490,1117.0,1327.0,1443.0,490
HJS,A,12500,19459.9,21271.34,22161.0,22150
DMC,A,32500,42959.31,45639.77,46983.95,47000
HKB,B,530,842.0,927.0,981.0,930
DPM,A,8540,15990.14,18317.06,19518.0,19500
HKT,B,1710,3079.0,3444.0,3650.0,3440
DPR,A,37300,48976.2,51971.0,53540.0,53500
HLC,C,4310,6945.0,7831.26,8266.0,6940
DQC,C,10250,14632.28,15728.68,16407.2,14650
HLD,B,17600,23888.24,25811.18,26810.3,25800
DRC,A,15750,22813.1,24635.0,25558.0,25550
HMH,A,6320,9641.6,10515.0,11059.0,11050
HOM,B,2220,3609.0,4024.0,4269.2,4020
HPM,B,9060,10050.0,10272.0,10384.0,10250
DRH,C,3420,5716.0,6375.0,6721.1,5720
HTC,A,14050,20130.81,21747.0,22580.0,22600
DRL,A,39550,47736.72,49524.0,50451.95,50500
DSN,A,27200,32685.0,34004.0,34660.1,34650
HTP,B,1440,5018.66,6539.98,7422.15,6540
DTA,Not enough data,5190,8575.56,9471.72,10029.9,Not enough data
DTL,D,15050,21565.16,23622.48,24823.9,15050
HUT,C,3040,4836.99,5417.0,5736.0,4840
DTT,Not enough data,7150,9719.7,10327.0,10635.5,Not enough data
HVT,B,13900,21548.0,23670.44,24788.7,23650
DVP,A,29600,39702.49,42126.38,43648.6,43650
ICG,B,1710,3334.0,3787.0,4044.0,3790
IDC,C,15900,23532.73,26111.57,27530.3,23550
DXG,B,4950,9355.0,10754.0,11498.0,10750
IDJ,A,8820,13230.28,14679.3,15371.1,15350
DXV,B,680,1513.63,1780.0,1926.0,1780
IDV,A,24450,35225.36,38061.27,39588.9,39600
ELC,B,9030,13077.98,14252.66,14796.0,14250
INC,B,2160,4190.92,4765.0,5083.0,4760
EMC,Not enough data,7450,11385.26,12366.26,12910.0,Not enough data
DDG,C,29150,32626.22,33463.66,33863.0,32650
EVE,B,6160,8952.23,9780.0,10207.15,9780
INN,A,18700,24521.56,26269.84,27171.7,27150
EVG,A,2240,4387.68,5041.04,5387.8,5390
ITQ,C,580,1580.69,1986.0,2240.0,1580
LEC,D,2630,5290.17,6210.51,6757.0,2630
ROS,C,1080,2040.8,2350.3999999999996,2530.0,2040
KDM,A,800,2166.95,2702.0,2996.75,3000
FCM,B,3270,4353.0,4697.0,4873.0,4700
KHS,B,7680,13279.0,14979.48,15967.6,15000
FCN,C,3800,6484.0,7327.0,7812.0,6480
FDC,B,4040,6552.6,7175.0,7508.0,7180
KKC,A,8100,12728.44,14619.16,15691.4,15700
FIR,B,18200,24973.38,26727.14,27654.9,26750
KLF,A,380,1012.0,1251.04,1402.0,1400
FIT,A,5820,9593.0,10754.52,11443.0,11450
GKM,B,9700,13292.72,14164.08,14701.8,14150
FLC,B,3830,5716.82,6450.46,6840.1,6450
KMT,B,3940,5655.0,6218.0,6507.0,6220
FMC,B,21650,28659.6,30990.0,32196.0,31000
KSD,Not enough data,500,1185.15,1425.0,1564.0,Not enough data
FTM,D,600,1159.21,1356.0,1465.0,600
KSQ,A,1360,2326.49,2714.4700000000003,2955.45,2960
FPT,A,52600,68315.7,72467.0,74472.5,74500
KST,A,17350,22538.47,23892.0,24546.85,24550
FRT,A,10400,18191.52,20549.12,21918.0,21900
KTS,D,1930,5203.87,6531.0,7362.0,1930
GAB,B,166000,178453.34,181446.45,182856.3,181400
KTT,Not enough data,710,1808.0,2216.16,2465.0,Not enough data
GAS,A,44250,60450.96,64401.8,66381.0,66400
KVC,C,1090,2374.0,2799.56,3043.0,2370
GDT,A,30700,40838.76,43510.9,44932.0,44950
L14,A,39000,57212.87,62131.61,64897.0,64900
GEX,C,9360,14283.45,15664.35,16378.5,14300
L18,C,10250,16155.1,17987.31,19106.350000000002,16150
GIL,B,26100,39326.45,42972.45,44878.6,42950
L35,D,1550,2430.32,2675.0,2804.0,1550
GEG,C,7350,10326.22,11272.66,11761.1,10350
GMC,C,6740,11780.22,13673.66,14709.0,11800
L43,C,380,1140.35,1442.0,1611.0,1140
L61,C,1290,2614.9300000000003,3032.79,3265.0,2610
GMD,B,25100,34599.48,37208.32,38557.05,37200
L62,C,2110,3118.0,3387.0,3526.0,3120
GSP,A,6050,8786.55,9507.0,9910.5,9910
GTA,C,5750,9244.0,10177.48,10666.0,9240
LAF,B,1430,4236.76,5339.28,5966.0,5340
GTN,A,7040,10512.66,11442.0,11929.0,11950
LAS,B,6380,9833.0,10938.0,11536.0,10950
HAG,D,2080,2924.0,3200.0,3346.75,2080
LBE,B,6280,10867.0,12224.0,12949.0,12200
HAH,A,13300,27061.83,31312.14,33656.35,33650
HAI,B,840,1662.0,1929.0,2087.0,1930
HPX,C,12150,18716.1,20548.0,21497.25,18700
HID,A,1080,2355.82,2756.46,2981.0,2980
HAP,B,2620,5516.04,6460.0,6972.0,6460
HAR,B,1130,2050.0,2333.0,2498.2000000000003,2330
HAS,C,4540,7253.82,7966.1900000000005,8351.55,7250
HAX,A,7680,12205.02,13435.51,14201.7,14200
HBC,C,3450,6528.0,7503.0,8021.0,6530
LCS,Not enough data,330,927.0,1162.0,1294.0,Not enough data
LDP,C,3860,7038.67,8017.0,8533.35,7040
HCD,B,1390,3059.79,3605.37,3908.9500000000003,3610
LHC,A,36150,52632.4,57837.52,60459.6,60500
HDC,B,30450,43271.55,46905.52,48834.1,46900
LIG,C,2590,4438.58,5007.0,5343.0,4440
HDG,B,24600,35345.0,38253.45,39657.0,38250
LM7,D,510,1365.0,1659.0,1826.0,510
HHP,B,3350,5663.55,6334.0,6723.0,6330
LUT,C,810,1559.16,1869.0,2050.0,1560
HHS,A,1770,2873.0,3256.13,3471.0,3470
MAC,C,1820,3194.28,3613.0,3834.0,3190
TCH,A,4670,8636.0,9806.33,10415.55,10400
MAS,C,11200,18493.94,21101.94,22476.8,18500
HSL,A,1420,2865.0,3335.0,3581.9500000000003,3580
MCC,B,5560,7468.0,7956.0,8204.0,7960
HMC,A,13550,18529.0,20063.8,20821.0,20800
MCF,B,2920,4596.0,5175.0,5478.0,5180
HNG,D,2060,3312.33,3654.99,3842.0,2060
MCO,C,320,856.0,1076.0,1212.0,860
MDC,B,1180,2849.01,3605.0299999999997,4044.0,3610
HOT,C,5410,12587.58,15129.29,16480.15,12600
MED,C,9960,17860.04,19925.239999999998,21015.2,17850
HPG,A,22700,32842.79,35613.79,37113.3,37100
MEL,B,6580,10432.16,11555.11,12177.95,11550
HQC,C,540,1208.0,1435.0,1558.0,1210
MHL,Not enough data,330,938.72,1191.0,1350.0,Not enough data
HRC,C,7070,19357.36,23721.04,26226.0,19350
MIM,Not enough data,1670,3182.09,3649.0,3899.0,Not enough data
MKV,Not enough data,16450,21633.44,22967.56,23765.8,Not enough data
HSG,A,19800,28427.06,30959.18,32228.9,32250
HT1,B,10500,13956.98,15060.98,15635.0,15050
HTI,A,8320,11111.28,11871.96,12255.2,12250
MPT,B,240,514.0,605.0,655.0,600
HTN,C,15050,23915.71,26300.57,27789.85,23900
MST,C,6590,9666.01,10722.07,11288.45,9670
NAG,C,3690,5202.0,5594.95,5829.5,5200
HTL,A,6870,11091.3,12272.9,12943.0,12950
NAP,A,2380,4985.2,5737.0,6139.0,6140
HTV,A,6630,9673.0,10496.99,10918.3,10900
NBC,D,6550,10510.94,11720.14,12293.8,6550
HU1,B,3560,5658.0,6391.98,6804.1,6390
NBP,A,4250,6804.39,7553.0,7964.3,7960
HU3,C,2420,3971.0,4360.0,4580.0,3970
NBW,A,1040,4162.11,5499.0,6315.85,6320
HVH,C,3740,5427.0,5986.09,6282.0,5430
NDN,A,9020,13411.0,14545.0,15259.05,15250
HVX,B,1760,3230.56,3658.0,3882.9,3660
NDX,B,2720,4413.8,4827.0,5067.0,4830
IBC,C,13900,16926.68,17580.0,17901.0,16950
NET,A,34350,44505.2,47326.24,48815.0,48800
ILB,B,14650,20752.06,22637.45,23603.0,22650
NRC,B,6770,10961.54,12138.24,12806.0,12150
IDI,B,1590,2873.9,3294.4,3538.0,3290
NFC,A,6360,8185.54,8673.77,8911.0,8910
IJC,A,9840,15398.95,17096.9,18023.5,18000
IMP,B,39300,51184.0,54009.25,55755.25,54000
NGC,Not enough data,500,1530.8600000000001,1963.0,2200.3,Not enough data
ITA,B,1580,3001.67,3453.02,3693.3500000000004,3450
NHC,A,12350,19435.54,21319.84,22252.7,22250
ITC,C,6240,8946.0,9668.22,10061.0,8950
NHP,Not enough data,230,535.0,648.0,709.0,Not enough data
ITD,A,7490,10724.38,11742.28,12268.9,12250
PMB,Not enough data,4220,6584.24,7359.36,7771.0,Not enough data
JVC,B,1240,2294.0,2617.0,2804.0,2620
NSC,B,44350,57319.0,60546.72,62229.3,60500
KBC,A,10200,18983.48,21734.44,23197.4,23200
NST,D,1890,3349.4,3781.0,4010.0,1890
KDC,B,40850,48601.94,50610.67,51505.05,50600
NTP,A,28250,37244.64,39522.92,40628.6,40650
KDH,A,22400,28519.63,30360.59,31323.55,31300
OCH,C,730,1946.26,2391.7799999999997,2669.3,1950
KHP,C,3320,4453.95,4749.0,4897.75,4450
ONE,C,2640,3932.0,4268.0,4476.0,3930
PAN,B,9770,15928.16,17554.96,18436.4,17550
KMR,C,1760,3195.67,3696.0,3970.0,3200
KOS,B,12400,17786.74,19246.0,19989.0,19250
PBP,B,2330,4365.84,5059.63,5421.1,5060
KPF,B,4260,7736.86,8807.0,9375.0,8810
PCG,C,1370,2794.0,3215.0,3442.35,2790
KSB,B,10800,17637.58,19614.87,20640.45,19600
PCT,A,2170,3624.45,4098.35,4358.0,4360
PDB,B,3570,5550.34,6088.0,6396.0,6090
L10,C,3750,7502.0,8680.59,9301.0,7500
PDC,C,560,1431.0,1754.0,1951.0,1430
LBM,A,27550,41065.18,44470.93,46496.75,46500
PEN,D,2830,4312.14,4801.0,5026.0,2830
LCG,C,4230,7701.0,8837.58,9502.0,7700
PGN,C,6380,10044.62,11040.93,11658.55,10050
LCM,B,680,1213.0,1376.94,1459.9,1380
PGS,C,9280,13632.28,14762.36,15446.4,13650
LDG,B,2340,3670.0,4004.0,4186.0,4000
LGC,B,9190,19854.04,23489.52,25470.0,23500
PGT,Not enough data,2180,3988.0,4743.67,5154.9,Not enough data
PHP,A,12400,19148.28,21118.22,22074.5,22050
LGL,C,1630,2890.09,3297.0,3530.0,2890
PIA,A,10500,15855.94,17354.41,18118.0,18100
LHG,B,19950,30215.32,32866.74,34196.0,32850
PIC,A,2660,4582.0,5159.0,5462.0,5460
LIX,A,32350,41110.04,43320.0,44423.2,44400
PJC,A,6060,9942.12,11334.0,12075.0,12100
LM8,C,3900,5799.14,6359.0,6672.0,5800
PLC,B,15800,23040.08,25409.81,26744.8,25400
LSS,B,2480,5034.18,5923.0,6451.0,5920
PMC,A,29250,41926.77,45270.62,46993.950000000004,47000
MCG,C,790,1497.0,1717.0,1845.0,1500
PMP,B,5540,8134.68,8922.0,9295.0,8920
PMS,A,5960,10495.25,11790.75,12483.25,12500
MCP,B,7930,14059.06,15637.09,16495.15,15650
POT,D,4520,7255.0,8047.0,8456.6,4520
MDG,C,4130,6738.32,7465.48,7828.0,6740
PPE,Not enough data,1490,3827.65,4827.0,5407.0,Not enough data
MHC,A,3460,5844.0,6592.48,7024.4,7020
PPP,B,5570,8999.05,10051.0,10647.25,10050
MSN,B,66500,88354.78,95000.88,98641.0,95000
PPS,C,5600,7694.24,8235.0,8544.0,7690
MWG,A,36000,58924.28,65488.0,68956.05,69000
PRC,C,7730,10895.12,11749.36,12207.0,10900
NAF,C,16100,21993.02,23415.739999999998,24308.0,22000
PSC,C,6110,9062.18,9863.0,10282.0,9060
NAV,A,3520,7053.0,8269.3,8993.75,8990
PSD,A,8670,13352.84,14683.57,15398.65,15400
NBB,C,13500,20940.8,22960.6,24038.5,20950
PSE,A,3600,6611.16,7506.0,8002.6,8000
NCT,A,54000,62133.0,64049.0,65002.0,65000
PTD,D,12400,15351.0,16091.03,16454.05,12400
NHA,C,6480,11903.3,13806.78,14847.0,11900
PTS,C,4110,6285.89,6951.0,7275.0,6290
NHH,C,10200,17908.84,20259.26,21497.1,17900
DTD,B,12500,19958.84,22147.52,23249.6,22150
VHM,A,54900,74860.4,79750.6,82465.0,82500
PV2,B,910,1645.0,1867.0,1989.0,1870
NKG,B,19000,27319.88,29596.46,30969.4,29600
PVB,C,4160,7166.0,7944.0,8400.95,7170
NLG,B,23150,31058.73,33152.19,34204.1,33150
PVC,C,3310,5333.68,6001.13,6306.0,5330
NNC,A,11000,15591.85,16768.0,17410.0,17400
PCE,A,5650,9032.7,10161.0,10686.0,10700
NVL,B,47400,67534.15,72656.95,75758.25,72700
PSW,A,3430,5258.86,5930.79,6279.0,6280
PSH,C,6440,9315.0,10254.0,10761.0,9320
PVG,B,4240,6051.56,6521.0,6786.0,6520
NT2,A,12000,15245.54,16036.619999999999,16477.0,16500
PVL,C,690,1523.23,1802.69,1955.0,1520
NTL,A,15800,22676.72,24583.0,25507.6,25500
PPY,A,2380,4638.08,5342.24,5729.0,5730
NVT,C,2970,4678.6,5257.9,5574.5,4680
PVS,A,8520,14022.300000000001,15629.0,16481.1,16500
OGC,D,1920,3127.0,3496.7,3707.5,1920
QBS,C,520,1053.0,1245.0,1360.0,1050
OPC,B,25150,34601.14,37675.14,39273.0,37700
QHD,A,2450,8315.1,10648.05,12049.0,12050
PAC,C,20350,27463.96,29209.0,30261.0,27450
QST,Not enough data,8680,10875.0,11405.0,11718.45,Not enough data
PC1,C,15350,22111.7,23873.0,24925.3,22100
QTC,C,4920,8215.56,9054.0,9498.0,8220
PDN,A,41550,60211.14,64845.08,67342.0,67300
RCL,C,6640,9516.14,10281.0,10671.0,9520
PDR,B,43900,58063.88,62356.88,64486.8,62400
DS3,A,2010,3118.0,3481.1,3679.75,3680
PET,A,5890,11003.18,12698.08,13697.9,13700
S55,D,13050,20641.08,23047.72,24215.0,13050
PLX,B,25400,33975.56,35969.0,37030.8,35950
S74,B,1240,2553.12,2966.0,3235.0,2970
PGC,C,10050,13779.88,14803.0,15327.2,13800
S99,C,4670,8614.08,9826.0,10478.0,8610
PGD,A,12200,17758.0,19266.0,20037.0,20050
SAF,A,13850,25497.9,28783.94,30519.800000000003,30500
SCI,B,8840,16032.96,18269.88,19445.0,18250
PLP,B,2080,4633.0,5448.5,5888.0,5450
PHC,C,9960,14497.21,15693.52,16286.0,14500
SD2,C,1490,2841.2200000000003,3274.0,3503.0,2840
PHR,A,24700,35199.8,37631.0,38945.0,38950
SD4,Not enough data,590,1384.0,1686.0,1870.0,Not enough data
PIT,C,1040,2180.0,2564.0,2770.0,2180
SD5,C,4850,6840.52,7474.0,7773.65,6840
PJT,C,5060,7293.0,7890.0,8199.25,7290
SD6,C,1300,2188.0,2456.5,2619.0,2190
PMG,C,5180,8641.78,9556.17,10042.0,8640
SD9,C,3210,4664.0,5079.0,5314.0,4660
PME,A,45300,58850.76,61963.0,63576.6,63600
SDA,C,620,1471.0,1792.0,1988.0,1470
PNC,C,3370,5256.0,5789.0,6063.0,5260
SDC,C,2250,3911.0,4397.0,4654.0,3910
PNJ,A,46200,61827.38,65732.42,67663.8,67700
SDG,B,3900,10428.92,12919.97,14322.0,12900
POM,D,4170,7511.0,8492.0,9064.0,4170
SDN,B,10750,19716.48,22216.4,23622.8,22200
PPC,A,11950,16518.72,17614.0,18179.6,18200
SDT,C,1780,2924.04,3284.0,3472.2,2920
PTB,B,56600,72635.6,76870.0,78852.2,76900
SDU,C,3160,4919.0,5478.0,5767.0,4920
PTC,A,1410,3370.81,4035.43,4396.0,4400
SEB,A,11200,19447.08,21747.0,22991.7,23000
PTL,C,1260,2681.6,3162.8,3424.0,2680
SED,C,11650,14494.97,15349.82,15815.0,14500
SFN,A,4750,9439.0,10849.0,11565.05,11550
DAT,B,4720,10863.0,13036.94,14190.8,13050
SGC,B,23650,40981.77,45691.63,48241.7,45700
PVD,C,7100,10869.0,11866.16,12491.0,10850
SGD,Not enough data,3050,5088.86,5688.0,5997.0,Not enough data
POW,C,5360,7524.0,8120.92,8444.2,7520
SGH,A,9960,16667.66,18658.97,19696.0,19700
PVT,A,10100,14888.29,16219.74,16940.8,16950
NSH,D,3210,5535.77,6391.31,6889.85,3210
PXI,C,610,1192.0,1390.0,1507.0,1190
SHN,C,4600,7821.59,8746.0,9276.0,7820
SIC,C,1690,4697.39,5844.389999999999,6534.0,4700
PXS,D,1280,2430.0,2798.0,2993.4,1280
SJ1,D,3940,7456.52,8545.0,9131.0,3940
PXT,D,420,832.0,998.0,1092.0,420
SJC,D,610,946.0,1041.0,1090.0,610
QCG,C,1580,2883.0,3286.0,3499.0,2880
SJE,C,9050,12301.4,13312.0,13832.0,12300
RAL,B,84200,117813.55,126199.63,131418.25,126200
SLS,B,67500,99000.95,107680.75,112201.25,107700
RDP,D,5340,7970.74,8757.22,9164.0,5340
SMT,C,3210,6847.2,8251.0,9052.0,6850
REE,A,35600,46545.0,49349.04,50854.25,50900
SMN,C,5420,7608.0,8156.64,8439.0,7610
RIC,C,4980,9677.76,11182.48,11997.8,9680
SHE,C,6010,8982.0,9771.59,10213.0,8980
SGN,A,41000,49816.4,51966.2,53049.0,53000
SPI,D,3840,7038.88,8260.94,8864.5,3840
SAM,C,4060,5936.21,6440.63,6700.0,5940
SRA,A,3670,5546.0,6065.0,6335.0,6340
SAV,A,6740,12189.81,13875.289999999999,14767.0,14750
SSC,B,11700,21654.12,24393.28,25868.8,24400
SBA,A,11550,13646.26,14143.39,14394.0,14400
SSM,B,850,1970.8400000000001,2370.52,2618.0,2370
SAB,A,80400,101200.93,107400.87,110624.8,110600
STC,B,6610,10324.0,11549.99,12201.0,11550
SBT,B,5540,9838.96,11095.64,11818.8,11100
STP,B,2540,4489.4,5038.0,5335.5,5040
SC5,C,7340,11962.31,13167.93,13801.55,11950
SVN,A,720,1567.0,1862.0,2021.0,2020
SCD,B,7910,11903.34,12843.02,13345.0,12850
SZB,A,19750,24603.4,26034.0,26756.0,26750
TA9,C,5960,8098.0,8624.55,8948.0,8100
SCR,C,2670,4648.1,5385.0,5790.0,4650
SCS,A,87000,106437.54,111157.62,113499.8,113500
SFC,A,8910,13690.380000000001,15028.69,15719.15,15700
SFG,C,4780,6975.58,7666.79,8033.0,6980
SFI,A,26700,36485.76,39359.8,40618.2,40600
SGR,D,5540,10659.22,12289.0,13159.0,5540
SGT,C,7430,12437.28,13909.52,14796.0,12450
SHA,C,2630,3992.41,4352.46,4531.0,3990
MSH,A,49150,60475.96,63652.28,65526.6,65500
SHI,C,7490,11565.0,12765.0,13315.0,11550
SHP,C,11350,15550.0,16518.39,17048.0,15550
TC6,D,3640,5731.85,6432.51,6757.0,3640
SBV,C,7520,10267.92,11136.0,11609.9,10250
TDN,C,4880,7574.29,8307.74,8750.45,7570
SZC,B,10200,19871.22,23036.82,24677.0,23050
NTH,A,18750,26032.84,27900.04,28864.2,28850
SII,C,6550,10666.14,11703.0,12258.7,10650
TDT,C,3300,6294.5,7144.5,7619.5,6290
SJD,C,12250,14594.1,15166.0,15448.5,14600
CET,B,640,1663.0,2068.0,2318.0,2070
SJF,D,930,1824.0,2132.24,2309.0,930
SJS,C,31150,42167.16,45594.76,47233.2,42150
SKG,A,6020,8275.31,8908.99,9219.0,9220
SMA,C,1480,3261.89,3906.67,4294.450000000001,3260
SMB,A,25150,31036.52,32438.84,33209.8,33200
SMC,A,9520,20235.08,23805.78,25698.65,25700
SPM,B,13300,18612.0,20060.0,20814.0,20050
SRC,C,7620,10979.16,11942.74,12484.0,11000
SRF,C,6110,7939.98,8492.94,8787.9,7940
TFC,B,2310,4044.76,4547.0,4844.0,4550
S4A,C,17100,21173.26,22169.89,22665.0,21150
THB,B,3060,5470.0,6126.0,6485.9,6130
ST8,A,4520,6474.0,6940.0,7190.3,7190
THD,A,118500,154729.37,168216.45,172679.25,172700
STG,A,12000,17593.93,19077.91,19963.0,19950
THS,B,8840,13986.92,15687.94,16698.9,15700
SVC,B,24850,39133.85,42700.55,44672.85,42700
THT,D,4970,7564.16,8262.48,8687.4,4970
SVI,B,28700,45765.82,50352.28,52905.0,50400
TTH,C,950,1605.98,1872.0,2014.0,1610
SVT,A,2800,5825.82,6841.0,7388.05,7390
TIG,B,5920,9139.0,10072.04,10559.0,10050
SZL,A,32100,41770.4,44001.55,45137.0,45150
TJC,A,3680,6102.88,6972.32,7448.0,7450
TAC,A,23950,33530.58,36596.58,38241.6,38250
TKC,C,1280,3060.06,3706.0,4063.0,3060
AST,C,24800,33542.2,35531.6,36598.0,33550
TKU,B,11900,17905.0,20290.85,21516.0,20300
TBC,A,20600,24801.5,25758.5,26338.0,26350
TMC,A,4090,6347.14,6922.07,7242.0,7240
TCL,A,16350,24101.62,26094.86,27288.0,27300
TMX,A,3480,6027.88,6798.0,7247.0,7250
TCM,B,28300,42238.2,45603.4,47690.0,45600
BAX,A,32750,47031.32,51507.6,53743.8,53700
TCO,A,4470,9440.96,11092.880000000001,12066.8,12050
TNG,C,10450,16269.98,18256.82,19337.7,16250
TCR,D,450,1149.0,1403.0,1542.0,450
BCF,A,16500,24538.16,26724.0,27862.0,27850
TCT,A,14650,19265.0,20527.0,21215.45,21200
TPH,C,5380,7460.73,7973.57,8284.65,7460
TDC,D,6110,10552.0,11826.18,12564.0,6110
TPP,D,4340,6595.02,7227.0,7551.0,4340
TDG,C,1000,1870.0,2205.8599999999997,2389.0,1870
TAR,Not enough data,7730,11791.34,12801.0,13319.35,Not enough data
TDH,Not enough data,2970,4468.45,4898.35,5142.0,Not enough data
TSB,B,6150,7796.48,8198.22,8432.7,8200
TDM,A,17350,22295.91,23463.91,24146.85,24150
TST,D,1530,3459.16,4049.74,4369.9,1530
TDP,B,10800,16467.62,18044.86,18853.0,18050
TTC,A,6650,10152.56,11186.0,11720.9,11700
TDW,A,6000,12319.96,14566.22,15875.7,15900
TTT,A,14800,22680.04,25499.06,27010.4,27000
TEG,B,3130,5440.68,6243.0,6682.0,6240
TGG,B,19500,23700.0,27091.1,28648.0,27100
TTZ,C,720,1301.0,1522.0,1643.0,1300
THG,B,41350,52105.68,54604.96,56128.8,54600
TV3,C,6110,9365.79,10369.0,10924.65,9370
THI,C,11050,16684.0,18057.0,18821.4,16700
TV4,B,8330,11040.36,11667.04,12005.0,11650
TIP,A,22600,31181.82,33853.12,35125.0,35100
TVC,A,5710,9400.02,10404.0,10932.05,10950
TIX,A,5330,11304.0,13234.0,14374.0,14350
TVD,B,4570,7181.0,7914.12,8332.0,7910
TLD,B,1250,2486.49,2908.0,3140.0,2910
TXM,A,630,1496.0,1852.0,2056.0,2060
TLG,A,24350,30620.88,32686.739999999998,33701.7,33700
UNI,C,1180,3308.0,4105.27,4559.0,3310
V12,C,3860,6585.24,7316.86,7711.0,6590
TLH,B,3490,7705.72,9126.0,9886.0,9130
TMP,A,25050,32681.42,34421.63,35333.05,35350
V21,D,990,2434.83,2908.0,3170.0,990
TMS,A,17500,29219.02,33391.32,35709.2,35700
TMT,C,1870,4103.16,4868.0,5274.0,4100
TN1,A,9380,16709.52,18891.28,20062.9,20050
TNA,C,5400,7501.0,8168.6,8521.0,7500
TNC,A,7480,12437.94,14237.0,15187.35,15200
TNI,B,1480,2174.06,2373.1800000000003,2474.0,2370
TNT,B,4040,5665.55,6135.2,6480.5,6140
TPC,C,2200,4319.0,4938.0,5258.05,4320
TRA,A,52600,67706.5,71567.8,73648.25,73600
VBC,B,7270,10982.09,12263.09,12969.0,12250
TCD,C,4630,8228.0,9476.279999999999,10167.9,8230
VC1,C,3830,6100.4,6795.0,7179.0,6100
TRC,B,15950,23943.89,25926.34,26985.0,25950
VC2,C,11300,17496.57,19566.84,20643.85,17500
VC3,B,13850,18540.66,19779.62,20456.1,19800
TS4,D,750,1491.0,1734.3899999999999,1863.0,750
VC6,C,2280,4271.85,4879.55,5198.0,4270
TSC,B,4490,6497.88,7172.0,7586.0,7170
VC7,C,2100,4413.0,5362.0,5884.15,4410
TTA,Not enough data,5050,7886.59,8591.0,8992.0,Not enough data
TTB,D,1680,3063.92,3471.19,3708.0,1680
VC9,D,1780,3478.9,3991.0,4310.0,1780
VCC,C,5210,8561.0,9673.0,10206.0,8560
TTF,C,1420,2801.62,3234.0,3491.0,2800
CLM,B,7840,12853.6,14248.8,14985.0,14250
HUB,B,8470,13274.0,14633.49,15334.0,14650
VCM,B,4950,7948.46,8789.0,9259.65,8790
TV2,C,22750,33530.34,36445.34,37955.9,33550
VCS,A,60500,82643.68,87796.0,90912.8,90900
TYA,B,10600,13373.36,14030.06,14425.0,14050
VDL,A,4330,8022.4400000000005,9149.0,9755.0,9760
UDC,C,1630,3179.0,3679.0,3946.0,3180
VE1,C,780,1645.5,1885.0,2020.0,1650
UIC,A,33350,44836.61,47633.49,49329.25,49350
VE2,B,6790,9392.1,10101.4,10451.0,10100
VAF,A,1910,4311.12,5075.0,5471.0,5470
VCA,A,7200,10424.92,11469.0,11953.0,11950
VE3,Not enough data,640,1700.72,2162.3199999999997,2437.0,Not enough data
VCF,A,116700,161580.74,173175.84,179133.8,179100
VE4,D,4080,9897.88,11894.0,12984.35,4080
VGC,B,17350,24076.7,25799.7,26818.5,25800
VE8,C,1840,3394.11,3808.0,4054.0,3390
VHC,A,21200,31189.68,33609.01,34910.7,34900
VFG,B,25150,35132.69,37742.07,39074.0,37750
VIC,C,42350,59043.15,63471.03,65708.3,59000
VGP,B,5740,11492.0,13208.0,14065.0,13200
TVT,C,11800,16338.45,17788.05,18539.75,16350
VID,B,2300,4077.0,4614.5599999999995,4896.0,4610
VGS,A,3620,9993.6,12293.6,13629.0,13650
VDP,B,16650,23352.0,25331.0,26387.0,25350
VHL,C,8680,12999.76,14302.21,15017.45,13000
VJC,C,76400,93876.2,98730.2,101134.5,93900
MBG,A,2080,3513.0,3978.0,4236.95,4240
VIE,C,2500,3672.0,4037.0,4229.0,3670
VIP,C,1740,3568.38,4139.57,4456.0,3570
VIF,A,6790,9579.0,10483.0,10956.0,10950
VPS,B,2630,5790.9,6860.0,7431.75,6860
VHE,B,770,2245.2,2829.0,3157.0,2830
VIS,B,4100,7550.14,8612.0,9220.35,8610
VIT,C,5820,8511.76,9205.69,9631.15,8510
VMD,B,10200,23419.8,27863.54,30329.95,27850
VKC,C,4170,6674.6,7377.0,7800.0,6670
HVN,C,10800,14706.82,15763.23,16308.05,14700
VLA,B,5530,8969.58,9849.0,10340.9,9850
VNE,C,3280,4775.59,5201.0,5420.95,4780
VMC,C,4740,6685.0,7213.45,7503.75,6680
VNG,C,6900,9055.9,9598.0,9873.0,9060
VMS,B,4380,7278.0,8100.08,8613.0,8100
VNL,A,6550,12279.64,14053.72,15052.6,15050
VNC,A,7220,14387.78,16426.01,17592.45,17600
VNM,A,40200,54300.22,57885.0,59754.0,59800
TMB,B,4670,8238.65,9207.95,9728.0,9210
VPD,C,8490,10674.64,11321.0,11644.0,10650
VNF,A,4490,7524.98,8618.0,9218.0,9220
GVR,A,15800,23233.32,25722.44,26922.6,26900
VNT,B,3160,10402.0,13665.39,15779.6,13650
VNS,B,4800,6389.57,6880.0,7131.0,6880
VSA,A,8180,13094.78,14720.56,15573.0,15550
VOS,C,7340,10618.55,12063.25,12795.25,10600
VTC,Not enough data,3390,6128.22,6891.0,7285.0,Not enough data
VPG,A,33650,41457.7,43847.94,45247.6,45250
VTH,C,3880,5634.0,6110.0,6352.85,5630
VPH,D,1390,2553.85,2917.0,3133.0,1390
VTJ,A,510,1242.15,1544.45,1720.0,1720
VPI,D,20050,27501.55,29452.73,30441.1,20050
VTL,Not enough data,3180,5215.0,5791.0,6098.0,Not enough data
VRC,B,2600,4122.0,4578.0,4839.0,4580
VTV,B,2210,3571.58,3921.0,4113.0,3920
VRE,A,11800,16778.1,18119.86,18808.0,18800
CLH,B,13700,17473.0,18442.26,18945.0,18450
VSC,A,34050,45440.1,48423.65,49997.55,50000
VXB,C,3040,4436.13,4929.39,5207.65,4440
VSH,C,14650,19550.8,20778.3,21490.5,19550
WCS,A,99100,128208.72,135559.76,139292.8,139300
VSI,C,8490,13443.0,14774.75,15444.25,13450
X20,Not enough data,2100,4086.0,4667.2,4997.0,Not enough data
VTB,A,5540,7965.62,8551.0,8870.0,8870
PRE,C,8640,11580.38,12332.14,12711.0,11600
VTO,B,5030,7019.0,7589.25,7873.0,7590
PTI,B,11700,18749.5,21018.25,22087.75,21000
YBM,B,3000,4353.0,4785.0,5010.45,4780
PVI,B,21450,28600.35,30732.45,31801.75,30750
YEG,C,3870,6526.67,7233.0,7622.0,6530
VNR,A,12400,17911.3,19339.9,20101.5,20100
BIC,A,13300,18083.9,19578.3,20349.0,20350
APS,A,2060,4821.0,5859.5,6495.0,6500
BMI,A,13000,19660.04,21459.239999999998,22431.8,22450
ART,C,680,2198.9700000000003,2814.9700000000003,3172.0,2200
BVH,A,24400,34871.44,37436.12,38793.2,38800
BSI,B,9550,15918.64,17704.48,18749.600000000002,17700
MIG,A,11200,15663.08,16991.64,17573.0,17550
BVS,B,10650,18151.8,20523.44,21686.2,20500
PGI,A,9480,14476.0,15749.0,16398.6,16400
EVS,B,4200,10365.36,12552.0,13841.0,12550
AGR,C,3630,6742.71,7849.71,8466.0,6740
HBS,C,2370,4759.0,5489.85,5945.25,4760
APG,C,8170,12139.27,13392.83,13960.0,12150
IVS,B,1670,3437.61,4177.83,4593.0,4180
CTS,B,6080,11568.28,13556.71,14657.0,13550
MBS,A,12200,20321.85,22731.62,24110.5,24100
FTS,B,13850,24899.16,28308.48,30115.0,28300
PSI,D,1160,3005.66,3683.66,4088.0,1160
HCM,A,23850,35352.76,38489.33,40117.2,40100
SHS,B,15150,23713.88,26159.6,27690.2,26150
SSI,A,15450,24893.4,27646.04,29158.6,29150
TVB,B,4210,8543.97,10067.91,10986.85,10050
TVS,A,19550,26290.84,27966.92,29018.6,29000
VIG,B,550,1388.0,1776.0,2001.0,1780
VCI,B,12150,25402.04,29475.2,32157.6,29500
VND,A,9460,19665.58,23072.0,24919.6,24900
VDS,C,12000,18933.42,21015.14,22133.0,18950
WSS,D,2460,4955.7,5768.42,6242.0,2460
VIX,A,3850,7842.85,9126.0,9825.5,9830
