year,quarter,ticker,(-)combined_ratio,(-)debt/asset,(-)debt/equity,(-)expense_ratio,(-)loss_ratio,(-)lt_debt/asset,(-)lt_debt/equity,(-)st_debt/asset,(-)st_debt/equity,acid_test,asset_,asset_turnover,cash_ratio,cur_ratio,curasset_turnover,equity_,equity_turnover,gross_margin,invst_yield,lib/equity,lib_ratio,liq/reserve,net_margin,oper_leverage,revenue_,roa,roca,roe,rotc
2018,2,ABI,-0.7641944337547718,-1.0253277643749413e-09,-2.971706632138324e-09,-0.5249651146522177,-0.2392293191025541,-5.126638821874706e-10,-1.485853316069162e-09,-5.126638821874706e-10,-1.485853316069162e-09,1.3607625846242486,1950595769948.0,0.1657032202185164,0.23686968186417515,1.3630217417331636,0.18561228527216322,673013943695.0,0.4802575094513622,0.4875765498724707,0.018957133399262444,1.898299193087716,0.6549700588590215,1.4261150809828769,0.1663267059164382,0.4732744929789281,323220000425.0,0.02756087077869197,0.030872279986941125,0.07987964953867775,0.09986821400794539
2018,2,AIC,-0.6438523825266614,-1.1241633984809674e-09,-2.5717684486049814e-09,-0.21253763086944072,-0.4313147516572207,-5.620816992404837e-10,-1.2858842243024907e-09,-5.620816992404837e-10,-1.2858842243024907e-09,1.168645783466594,1779100798605.0,0.08730877021346724,0.10527268155338493,1.1686457844653342,0.13274802456784768,777674989008.0,0.19973781464945903,-0.06350610967424308,0.005551843529294412,1.287717650370132,0.5628831207215589,0.5207389848457263,-0.17723899670834714,0.18036604997664013,155331102812.0,-0.015474518836474558,-0.023528126689420344,-0.03540132987318792,-0.03540133106802812
2018,2,BIC,-0.70830326677386,-3.884545925132849e-10,-9.56410021790159e-10,-0.35760087214103325,-0.3507023946328268,-1.9422729625664245e-10,-4.782050108950795e-10,-1.9422729625664245e-10,-4.782050108950795e-10,1.5070431996979563,5148606911969.0,0.07059161878975241,0.03930834173621067,1.5072442567231412,0.07888709441960562,2091153328001.0,0.17380289219415201,0.2674390850238546,0.01631722339585764,1.4620896244326174,0.5938409430442859,1.3249964691789526,0.13099647841694056,0.1567147644043265,363448496428.0,0.009247253467208697,0.01033393156151302,0.02276756681611308,0.0280344539885901
2018,2,BLI,-0.7244967257903632,-1.1751927735377176e-09,-2.987926819666495e-09,-0.3443930041305067,-0.3801037216598564,-5.875963867688588e-10,-1.4939634098332476e-09,-5.875963867688588e-10,-1.4939634098332476e-09,1.3617011561085035,1701848449918.0,0.12114906234273341,0.3011497251895514,1.362175637785396,0.14700017781978672,669360436419.0,0.30802140780836207,0.23622172267461905,0.0067977594819238155,1.5424993132589222,0.6066862261141691,1.198445278987628,0.018062234101612427,0.28674850475305413,206177343957.0,0.002188222725225289,0.002655151624759642,0.005563554776142865,0.006954441956556281
2018,2,BMI,-0.5995010059274705,-3.569718347413563e-10,-9.000183073687822e-10,-0.1882890985935667,-0.4112119073339038,-1.7848591737067815e-10,-4.500091536843911e-10,-1.7848591737067815e-10,-4.500091536843911e-10,1.4233273571850096,5602682916004.0,0.14749907097194898,0.09143280218218684,1.4247153949644575,0.1715926775670298,2222177019762.0,0.3718833007955002,0.03973131148808415,0.013049760632789686,1.5212585973929564,0.6033726960677399,1.0591127096963706,0.07399647402840953,0.3510850803139699,826390525061.0,0.010914411174390355,0.012697253109053973,0.027518053008913437,0.03422763559209649
2018,2,BVH,-1.200943469924595,-0.0030306043282259474,-0.019120133138705513,-0.28836109384602354,-0.9125823760785715,-0.0030144179014963404,-0.019018012703112014,-1.618642672960667e-05,-0.00010212043559350033,2.6330575000274683,100581927512272.0,0.07194211527186259,0.2844677323995196,2.6403432199158576,0.13166931441114585,15942568111251.0,0.4538840024304084,-0.12078556353247752,0.027223620544477026,5.309016640881669,0.8414966932374024,44440408299.51,0.04634634270920066,0.442838223200353,7236076623354.0,0.0033342539296145625,0.006102391169984459,0.021035863526863374,0.01254406619269201
2018,2,MIG,-0.6475873509920522,-0.07239604396510547,-0.26320421938947575,-0.2939325625185198,-0.3536547884735324,-0.0011444136229078572,-0.004160648535178639,-0.07125163034219761,-0.2590435708542971,1.0303975206297253,3495239762907.0,0.10545742697303125,0.07468402758711039,1.0351622867329502,0.14262972483491299,961388583097.0,0.3834027140852888,0.32165662584317967,0.01723280802557749,2.6356160499092853,0.7249434521489276,1.050973171418377,0.16717159131200615,0.34644759160656124,368598992050.0,0.017629485882751313,0.023843638069045967,0.06409404182697984,0.06371705146810726
2018,2,PGI,-0.6978579325922671,-3.8015575484083134e-10,-1.4060321124184896e-09,-0.21026847235265822,-0.4875894602396089,-1.9007787742041567e-10,-7.030160562092448e-10,-1.9007787742041567e-10,-7.030160562092448e-10,1.184662786439151,5261001509335.0,0.11752812196591751,0.036335646220242636,1.1864398479201057,0.13692218499493364,1422442618725.0,0.4346858136226433,0.19382935166042775,0.004165057177984873,2.6985685328035762,0.7296251262804144,0.8114172353537845,0.06352076996542887,0.38254463612159234,618315627052.0,0.007465476799865914,0.008697402616227076,0.02761157757435921,0.033471126506834724
2018,2,PTI,-0.7084614322389697,-0.04861965104494918,-0.15404527027547454,-0.2465599103111331,-0.46190152192783657,-0.0007372880022060752,-0.0023360046221989135,-0.04788236304274311,-0.15170926565327564,1.2494250123213066,5802578885319.0,0.1416582350410926,0.042017693576714935,1.2514954115530652,0.165646519837254,1831405534623.0,0.44882636207070736,0.14769349273236818,-0.00194904341260012,2.1683746584906314,0.6843807605517254,1.0707000954658197,0.0005879326590209292,0.3663279927174107,821983083581.0,8.328550279992134e-05,9.738899886547984e-05,0.0002638796764909213,-0.0006951251335363696
2018,2,PVI,-0.5043277253484706,-9.192635815125692e-11,-2.989023278810462e-10,-0.13013366511935623,-0.3741940602291144,-4.596317907562846e-11,-1.494511639405231e-10,-4.596317907562846e-11,-1.494511639405231e-10,1.1703327966809765,21756545567803.0,0.04968904915832954,0.09779010555362262,1.1705902108114614,0.061649903628862975,6691148958853.0,0.1615659834928135,0.09853244582358067,0.011079667187170435,2.2515410584331867,0.6924535221825346,0.9103446452191734,0.06709671447271578,0.13563491174011663,1081062062234.0,0.003333971943797176,0.0041365059810562635,0.010840546662920818,0.014981830344906938
2018,2,VNR,-1.406796550994759,-2.97222292960929e-10,-7.075845838367442e-10,-0.8725590307799761,-0.534237520214783,-1.486111464804645e-10,-3.537922919183721e-10,-1.486111464804645e-10,-3.537922919183721e-10,1.3159208303641168,6728970361126.0,0.022569859975514344,0.019941797381532404,1.3159384875729643,0.029610195933805296,2826517204707.0,0.05373111424090667,0.19826265825155376,0.0193348996087435,1.3806578463135635,0.579948037661735,0.735053985653325,0.46945467980033423,0.05668165069619936,151871918830.0,0.010595526387943465,0.013900645050929724,0.02522432303128002,0.029819558505074804
2018,3,ABI,-0.847610210312488,-9.71398467589037e-10,-2.854984239850035e-09,-0.5059356081115401,-0.3416746022009478,-4.856992337945185e-10,-1.4274921199250175e-09,-4.856992337945185e-10,-1.4274921199250175e-09,1.367662923352458,2058887332779.0,0.12653684020065056,0.2879376941096738,1.3696592784379267,0.14006662746400528,700529261102.0,0.37189752360831996,0.3706069131900782,0.020475553731134657,1.9390454433554594,0.6597534746321184,1.389461687089092,0.10561484355861263,0.36598368270825116,260525097419.0,0.013364168582192876,0.014793114947393392,0.03927789877572816,0.04912964346642686
2018,3,AIC,-0.5676519422288911,-2.0,-2.0,-0.2094543024947238,-0.35819763973416735,-1.0,-1.0,-1.0,-1.0,0.0,1000.0,149254361.661,1.0,1.0,149254361.661,1000.0,149254361.661,0.024295906133961515,10091454.374,1.0,1.0,2.0,0.06590899215624364,133708134.015,149254361661.0,9837204.552,9837204.552,9837204.552,3279067.850666667
2018,3,BIC,-0.7361797271252766,-3.9602964410100775e-10,-9.384905041094785e-10,-0.32845278636636716,-0.40772694075890936,-1.9801482205050388e-10,-4.692452520547392e-10,-1.9801482205050388e-10,-4.692452520547392e-10,1.4884858974204342,5050127003851.0,0.06490403237523622,0.056090071934585914,1.4890036608982673,0.07544613267521333,2131081765071.0,0.15380620862573038,0.14219867369917313,0.019340750326246593,1.3697481188305076,0.5780142235143922,1.2504238265550456,0.1348210391165684,0.13214827744003407,327773606557.0,0.008750429087684745,0.010171726004598747,0.02073631286950068,0.021878476376850645
2018,3,BLI,-0.6335030007496207,-1.1362608095475165e-09,-2.7952584914271916e-09,-0.32471500505526113,-0.30878799569435955,-5.681304047737583e-10,-1.3976292457135958e-09,-5.681304047737583e-10,-1.3976292457135958e-09,1.321605809489078,1760159272585.0,0.11795552672974018,0.1290928168150858,1.3220476000793504,0.1507347441186481,715497334552.0,0.2901765025525903,0.3005726527539945,0.03769715820587598,1.460050076478765,0.593504209706427,1.0704196286283074,0.22221743512782463,0.2511982297523677,207620514126.0,0.02621177460903442,0.033495888222694926,0.06448227813159928,0.08060284604121465
2018,3,BMI,-0.6222381226063862,-3.566644125399058e-10,-8.889921204441475e-10,-0.20809379657166616,-0.41414432603472,-1.783322062699529e-10,-4.4449606022207374e-10,-1.783322062699529e-10,-4.4449606022207374e-10,1.412581056916031,5607512074887.0,0.13635416799996958,0.09234455658265779,1.41394347955239,0.1604775547743281,2249738725469.0,0.3398650851607683,0.03217535245882527,0.01879557296957255,1.49789794415682,0.6009579590317526,1.073680157294965,0.046789494693322956,0.3151187001691538,764607643521.0,0.006379942620047044,0.007508663697510869,0.015902115598575524,0.01944844147178993
2018,3,BVH,-1.12188344173693,-0.004635083117895408,-0.030607287451841967,-0.2891406183171608,-0.8327428234197692,-0.004245158340871828,-0.028032459896133528,-0.00038992477702357975,-0.0025748275557084402,3.0553126094606506,100983739224191.0,0.07154725639433641,0.17218566317494835,3.063972890215626,0.13243136989904242,15292698694599.0,0.4724548378425666,-0.05620737264487892,0.016777712760707157,5.60339559687107,0.848562760578234,43420602204.87,0.013432782473636353,0.46962004142992875,7225109481932.0,0.0009610787317306086,0.0017789217845395097,0.006346383065356334,-0.016741985356728724
2018,3,MIG,-0.7010613973808425,-0.041444274997125656,-0.15635016715238062,-0.2603556251063461,-0.4407057722744964,-2.760221569007364e-10,-1.0413045076113366e-09,-0.0414442747211035,-0.1563501661110761,1.0079251093904247,3622897564559.0,0.11211124442251269,0.03093340006645461,1.0098495043016287,0.15300205068070585,960333881867.0,0.4229441052192841,0.10154163861059483,0.02087644683882415,2.77253956458942,0.7349265705822137,0.9711242533091277,0.012924871640816486,0.3788348976907024,406167554378.0,0.0014490234436531798,0.0019775318658298217,0.005466498271199229,0.005938211701957303
2018,3,PGI,-0.6881089181394857,-3.74657290585135e-10,-1.3754637198800217e-09,-0.23060038893618945,-0.4575085292032962,-1.873286452925675e-10,-6.877318599400109e-10,-1.873286452925675e-10,-6.877318599400109e-10,1.1886720250931762,5338211881254.0,0.10392226738734872,0.04566789013631565,1.190445634698089,0.12090577754589006,1454055073277.0,0.38152549562221255,0.17147251224864593,0.009902930412992348,2.671258385848678,0.7276138329422346,0.8476522894810358,0.05698411355408842,0.3403014842380296,554759082494.0,0.005921918285599018,0.006889708557020353,0.02174089216631602,0.027237520398912817
2018,3,PTI,-0.6620648823354028,-0.04944370219405379,-0.16202504632075646,-0.30686244355828374,-0.3552024387771191,-0.0011805911197398447,-0.0038687501617693677,-0.04826311107431395,-0.15815629615898708,1.20070654039898,6080150590648.0,0.12588319541743911,0.029939307522021428,1.2029579786188438,0.15092424868860996,1855423972562.0,0.4125142265533729,0.17518774027013687,0.009596411846936936,2.27696024227413,0.6948391417449653,0.9944928150333232,0.03155878876896107,0.31749572256015207,765388784970.0,0.003972721173740809,0.004762986484477992,0.01301844933998925,0.011840896052631163
2018,3,PVI,-0.48451237069756314,-9.465073040002952e-11,-2.8880364372140716e-10,-0.14912398728402307,-0.33538838341354005,-4.732536520001476e-11,-1.4440182186070358e-10,-4.732536520001476e-11,-1.4440182186070358e-10,1.2415570709806676,21130317658905.0,0.04869575737818425,0.11161614194479408,1.2432269502635933,0.05856878938189768,6925120383624.0,0.14858323971886456,0.138304342473363,0.029239696683454643,2.0512563664412786,0.6722661487909279,0.9117006194517353,0.2274516308376709,0.1218389284554871,1028956822042.0,0.01107592943054355,0.01332156666110069,0.033795500189200335,0.04155314609105829
2018,3,VNR,-0.9381188925344938,-2.898993583889898e-10,-6.889926733701821e-10,-0.5392345134449091,-0.39888437908958463,-1.449496791944949e-10,-3.4449633668509105e-10,-1.449496791944949e-10,-3.4449633668509105e-10,1.3450696069720607,6898945934597.0,0.042129731680232145,0.015422303628564055,1.3450868405505454,0.05410954891237794,2902788487165.0,0.10012811556410134,0.030177457631020033,0.019766051092576068,1.3766616014571684,0.5792417400159601,0.7913649574965018,0.2703519036192461,0.06979235843871674,290650741101.0,0.01138985315871882,0.014628619552440084,0.027069826648562657,0.03162144267714245
2018,4,ABI,-0.7813656415602312,-9.346893249235607e-10,-2.670775669491979e-09,-0.4840232315820407,-0.2973424099781905,-4.673446624617803e-10,-1.3353878347459894e-09,-4.673446624617803e-10,-1.3353878347459894e-09,1.3917978669605464,2139748413371.0,0.16990314192137032,0.15161353605753822,1.3942863062418929,0.18746298935709294,748846120940.0,0.485480218414764,0.41280110669207964,0.018006739437410376,1.8573940006326661,0.6500307623734821,1.429844563156454,0.13290293691362914,0.4784524107719951,363549978353.0,0.022580626552203262,0.024914381848166054,0.06452174684079229,0.0806672051126317
2018,4,BIC,-0.7236135531519725,-3.896039778254727e-10,-9.396915201679134e-10,-0.34288624461098494,-0.3807273085409875,-1.9480198891273634e-10,-4.698457600839567e-10,-1.9480198891273634e-10,-4.698457600839567e-10,1.556284446295185,5133417813552.0,0.08713745507196262,0.03326876301412336,1.556448599638766,0.0956805978936472,2128358037798.0,0.21016809961015306,0.18064459692033297,0.014432919219254225,1.4119145944368627,0.5853916211185407,1.3426855495938654,-0.0016044221040040867,0.1914677151479701,447312964094.0,-0.00013980525900411986,-0.00015351206618489444,-0.00033719834457106225,0.014128468870704644
2018,4,BLI,-0.8688280094188316,-1.0937333028376294e-09,-2.9996269703239813e-09,-0.500844169890111,-0.36798383952872066,-5.468666514188147e-10,-1.4998134851619906e-09,-5.468666514188147e-10,-1.4998134851619906e-09,1.3012481039437442,1828599343927.0,0.11528228522727481,0.4035083447796866,1.301617145534458,0.13977877703569522,666749572459.0,0.31616834841834546,0.11439005034268891,0.02782863359689559,1.7425579549800834,0.6353768939744203,1.100844145101917,-0.1467133227879239,0.2584110596795244,210805111133.0,-0.01691344712427868,-0.0205074088341392,-0.04638610895682551,-0.056684686145718824
2018,4,BMI,-0.6129005162182164,-3.607039290517972e-10,-8.86701391633551e-10,-0.18439318824959877,-0.4285073279686176,-1.803519645258986e-10,-4.433506958167755e-10,-1.803519645258986e-10,-4.433506958167755e-10,1.4204163877014864,5544713652711.0,0.14389446938759445,0.049075423337580346,1.421693176887051,0.17062942664368363,2255550762490.0,0.35372896156068545,0.039284497772778225,0.008052013775130287,1.4582526560341966,0.5932069888970399,0.9531902340136467,0.0138239914586031,0.34320968575959154,797853628963.0,0.0019891959157543313,0.002358779736508627,0.004889946143275461,0.006125233280273285
2018,4,BVH,-1.049195883633372,-0.005098491815217402,-0.03757945769534227,-0.25226581359644884,-0.7969300700369231,-0.00394321503323178,-0.029064258195470438,-0.0011552767819856219,-0.008515199499871827,2.6490103828948985,113768691848977.0,0.07175348546948598,0.08191591369932966,2.654697216883631,0.11664961072947906,15435261171741.0,0.5288734726700599,-0.02428446712264454,0.013249049372643389,6.370700798847877,0.864327690501789,57567788281.384,0.029056967783165882,0.5053487637557861,8163300177468.0,0.0020849387156167153,0.0033894839808853144,0.01536745945674499,0.007328487207545701
2018,4,MIG,-0.5711285275443438,-0.02193245725264572,-0.08155417023290418,-0.33385735761538476,-0.2372711699289591,-2.7205081671911346e-10,-1.0116002216776135e-09,-0.021932456980594903,-0.08155416922130396,0.9681216941953897,3675783855604.0,0.13472195110466526,0.05912284336235697,0.9694696032724093,0.19327306176696915,988532800380.0,0.5009533044079445,0.2920942843537641,0.006296272471602895,2.718423763167999,0.7310688443029887,0.8249727986977513,0.05694349546919361,0.46151581451988644,495208772866.0,0.007671538812329429,0.011005643717044584,0.028526032219831358,0.03317107823771869
2018,4,PGI,-0.6176270590626882,-3.730905327997013e-10,-1.342486675936187e-09,-0.23063145369472307,-0.3869956053679652,-1.8654526639985064e-10,-6.712433379680935e-10,-1.8654526639985064e-10,-6.712433379680935e-10,1.1802354023980741,5360629188288.0,0.12784433376669904,0.04629271570308089,1.1821134794986576,0.15145409477055055,1489772700057.0,0.460020556908298,0.22138338512440772,0.0028153323650443964,2.5982866299556284,0.7220899547926422,0.8725943494315795,0.052117712271899756,0.4086082799864096,685326067147.0,0.006662954202845539,0.00789344093365259,0.023975219024105765,0.02974893860439679
2018,4,PTI,-0.677818286208608,-0.022079395259879682,-0.07400627568976292,-0.28284139654399215,-0.39497688966461586,-0.001176609863845716,-0.003943790712478734,-0.020902785396033966,-0.07006248497728419,0.8478497900999629,6100723795174.0,0.1800536346088867,0.029175657003260642,0.8500989398673633,0.30249808559101726,1820119858614.0,0.6035083282385934,0.1376447680747128,-0.009839665839337645,2.351825302219179,0.7016550954078904,0.46461645909835936,-0.03130858095474217,0.415633363469298,1098457493066.0,-0.005637223795347896,-0.009470785801380891,-0.01889498935151911,-0.020481446187007396
2018,4,PVI,-0.5126292447275786,-0.0008506946654329034,-0.002397007855715838,-0.16942134462181185,-0.34320790010576685,-5.0443426224835545e-11,-1.4213476802352167e-10,-0.0008506946149894771,-0.0023970077135810697,1.3199200025255555,19824188696914.0,0.054748136458464644,0.025646171846455904,1.320152634938883,0.06459778215038268,7035576262625.0,0.15426417786452315,0.09338141558338668,0.01905726116573135,1.817706461690392,0.6451014278470717,1.0320016641796468,0.1017949628041167,0.12292386893000927,1085337387957.0,0.005573084514384114,0.006575728831226639,0.01570331624772678,0.02134684371009053
2018,4,VNR,-0.8824895793996574,-2.9967370390110764e-10,-6.696982819326453e-10,-0.5648239736111114,-0.31766560578854613,-1.4983685195055382e-10,-3.3484914096632266e-10,-1.4983685195055382e-10,-3.3484914096632266e-10,1.434932401392747,6673925586277.0,0.03393678392230121,0.0173150355356847,1.4459429238958466,0.042509522098370146,2986419487636.0,0.07584050782975803,0.2519858235747475,0.014837358771502879,1.2347582494380147,0.5525243053688359,0.9151882751454784,0.3783606304887068,0.059144024411927634,226491570535.0,0.012840342961600894,0.01608392958291294,0.02869506235905095,0.035198195712891005
2019,1,ABI,-0.7483211246873014,-8.789052509899432e-10,-2.464015404326065e-09,-0.515743181748945,-0.23257794293835637,-4.394526254949716e-10,-1.2320077021630325e-09,-4.394526254949716e-10,-1.2320077021630325e-09,1.433692478185601,2275558142072.0,0.14863165292275732,0.27998359461177946,1.4359617746876736,0.16089864962098063,811683237243.0,0.41668960557423024,0.5078111763530527,0.019759016948977606,1.803505157752504,0.6433036703233057,1.4490757626226574,0.18627967733442088,0.41224225879981446,338219967978.0,0.027687056348132868,0.02997214853494031,0.07762080527497471,0.097046131830274
2019,1,AIC,-0.5462606437609921,-1.0080558786992814e-09,-2.4482679451702124e-09,-0.2078429086412034,-0.3384177351197888,-5.040279393496407e-10,-1.2241339725851062e-09,-5.040279393496407e-10,-1.2241339725851062e-09,1.204627040728735,1984016999713.0,0.09661652112090216,0.0738681452395838,1.2046270415896183,0.13698985896398366,816904050043.0,0.2346527971637672,0.05379583550462091,0.020575734586480893,1.4287026115350583,0.588257535010451,0.5871517798040862,0.0017965434466059836,0.21876292558543833,191688820357.0,0.00017357577785362537,0.0002461082333732228,0.0004215639449723291,0.0005269537051792479
2019,1,BIC,-0.6807575170324192,-3.827554686057048e-10,-9.1335684925511e-10,-0.3190670936373071,-0.36169042339511204,-1.913777343028524e-10,-4.56678424627555e-10,-1.913777343028524e-10,-4.56678424627555e-10,1.4342236860464994,5225268256220.0,0.07021007875974469,0.036621337659126535,1.4343683452278821,0.08429421599379458,2189724642270.0,0.1675400133551423,0.27829698914472806,0.017013736098552813,1.386267275506921,0.5809354592152435,1.2041481636031053,0.15171280993134198,0.14466910015069345,366866495810.0,0.010651768334141698,0.012788512369378046,0.025417966202043202,0.031867116620621035
2019,1,BLI,-0.5495427280529758,-1.0544206155639936e-09,-2.7927668033549894e-09,-0.2700637087729999,-0.27947901927997587,-5.272103077819968e-10,-1.3963834016774947e-09,-5.272103077819968e-10,-1.3963834016774947e-09,1.2398894555724433,1896776267913.0,0.12121187939575456,0.18960536713568904,1.2402789085345773,0.15747857535283963,716135696542.0,0.32104504402890927,0.3586564493735502,0.018420856506057633,1.648626897209498,0.6224458790124175,1.00720766690317,0.2157254944610168,0.27514891604966063,229911816227.0,0.026148492617198288,0.03397214353500782,0.06925760086739537,0.08715832716631337
2019,1,BMI,-0.6420868974056602,-3.5066037711521774e-10,-8.754451211161828e-10,-0.25488352284408783,-0.3872033745615723,-1.7533018855760887e-10,-4.377225605580914e-10,-1.7533018855760887e-10,-4.377225605580914e-10,1.4003104109275073,5703524351549.0,0.1273236185573181,0.10216507787666203,1.4016088206265707,0.15154854534514706,2284552111559.0,0.31787121654819195,0.08931007329518778,0.012450744801206821,1.4965612833654562,0.5994490475106771,1.055651460149621,0.06440521054530404,0.29573608685903313,726193358969.0,0.008200304460574053,0.009760515970788752,0.020472562628078235,0.025608785853809362
2019,1,BVH,-1.077724328512748,-0.006002122837325148,-0.044062675671322965,-0.26720921820441285,-0.8105151103083351,-0.003844488672742488,-0.028223090746443264,-0.0021576341645826594,-0.015839584924879704,2.8448638643993513,116489419062205.0,0.06349328680442985,0.11864704074191108,2.8513477749360794,0.10146215294928111,15867937927225.0,0.46611576930282783,0.0100633083405608,0.013766855302260525,6.34118192272112,0.8637821524480985,60634282289.381,0.05584558585938928,0.4583649969180944,7396296094198.0,0.003545819799731616,0.005666213374007566,0.026030508215016356,0.016709596933725406
2019,1,MIG,-0.5700965432340627,-0.02621700106441256,-0.11354070395200042,-0.2706306659306724,-0.29946587730339025,-2.268166802895094e-10,-9.822986803431233e-10,-0.02621700083759588,-0.11354070296970174,1.1154984753017758,4408846821687.0,0.08959909678940634,0.1684311545001689,1.116570977332567,0.10550043216504668,1018020302797.0,0.3880361639356925,0.21904934999438325,0.011674458582222609,3.330804414778114,0.7690960144522633,1.4993917701735113,0.07496059019706242,0.35242435079267975,395028693106.0,0.006716401176457619,0.007908374661137045,0.029087419866423575,0.032651948619112234
2019,1,PGI,-0.6846088516784362,-3.5708512739538e-10,-1.4055217776610831e-09,-0.23087861208609398,-0.4537302395923422,-1.7854256369769e-10,-7.027608888305416e-10,-1.7854256369769e-10,-7.027608888305416e-10,1.1459910177264045,5600905348784.0,0.10566070479632073,0.033752898952060566,1.147733782561515,0.12431975990746447,1422959097317.0,0.41589080653536353,0.21978843528645178,0.0016335090490190358,2.936097221167178,0.7459412347280721,0.7659849756546041,0.06699563905929513,0.3603753517299879,591795606650.0,0.007078806441285038,0.00832888176269872,0.02786287036272236,0.03403498135908888
2019,1,PTI,-0.6887355099850363,-0.02833871155482915,-0.10305666145755274,-0.3468516122844441,-0.34188389770059224,-0.0015501472355969603,-0.005637271072087748,-0.02678856431923219,-0.09741939038546499,1.1815863316969148,6733386136692.0,0.12918773917729795,0.04145033044943868,1.1841460052863906,0.15085987075705823,1851558985283.0,0.4698046019171489,0.2864856414319114,0.005409796591401515,2.636603635213296,0.7250181487151961,0.8948282059440248,0.04268260543013664,0.3799850169998577,869870932007.0,0.005514069297716014,0.006439092338764926,0.020052484452892084,0.02146876445969793
2019,1,PVI,-0.44682697755318074,-9.154294203193012e-11,-2.777932927263586e-10,-0.13463681255414256,-0.3121901649990382,-4.577147101596506e-11,-1.388966463631793e-10,-4.577147101596506e-11,-1.388966463631793e-10,1.3024630462047437,21847670127342.0,0.04983077421145823,0.03820273503352135,1.3027984860144035,0.05729084079341597,7199597874993.0,0.1512148783952824,0.1466788020237771,0.02316233071284782,2.0345681115368186,0.6704638145381543,0.8544544335515893,0.21929670355035236,0.12106332327676668,1088686317162.0,0.010927724519934697,0.012563692529624174,0.03316092435985282,0.040732302953214665
2019,1,VNR,-0.9053962972818801,-2.837362673586968e-10,-6.536077551017867e-10,-0.5377688444802904,-0.3676274528015897,-1.418681336793484e-10,-3.268038775508933e-10,-1.418681336793484e-10,-3.268038775508933e-10,1.3871131042241656,7048799290334.0,0.03772930784746439,0.018999131515959992,1.397297462544358,0.047748648076747204,3059939213372.0,0.08691228806696842,0.1030432806851026,0.01677957661605734,1.3035749401591366,0.565892134626661,0.8595042650196979,0.28373139850419765,0.06075444286690127,265946318380.0,0.010704989280156469,0.013547790695500252,0.024659745040440637,0.028939867182372892
2019,2,ABI,-0.7573779820285184,-8.424538950388474e-10,-2.5552191958838003e-09,-0.533276801433507,-0.2241011805950114,-4.212269475194237e-10,-1.2776095979419002e-09,-4.212269475194237e-10,-1.2776095979419002e-09,1.374582606072251,2374017156046.0,0.1683479839432365,0.04900456879460299,1.3763259423860206,0.18248069626241747,782711715387.0,0.5106107321638768,0.5080191265245407,0.01622173981790158,2.033067104243103,0.6703007333398421,1.475523227275463,0.17797311348400163,0.5020266846277057,399661002067.0,0.029961414851132514,0.03247665766455086,0.0908749817815508,0.11361038011014314
2019,2,AIC,-0.6251759422926773,-1.0029652631200333e-09,-2.440577038913664e-09,-0.23509148677169028,-0.390084455520987,-5.014826315600167e-10,-1.220288519456832e-09,-5.014826315600167e-10,-1.220288519456832e-09,1.2118411772745237,1994087007339.0,0.11322865494334745,0.10534707346404361,1.2118411781263252,0.15870590366384096,819478331604.0,0.27552624758125804,0.05701143269167322,0.03094585900380777,1.4333614818538132,0.5890458497608141,0.6621317185447905,0.012711556289447656,0.25825450964976676,225787789681.0,0.0014393124208908067,0.0020173990278905714,0.003502367405349453,0.004417954845831849
2019,2,BIC,-0.7220281781018496,-3.637100291237088e-10,-9.330842382227794e-10,-0.37120270977039416,-0.3508254683314554,-1.818550145618544e-10,-4.665421191113897e-10,-1.818550145618544e-10,-4.665421191113897e-10,1.2675734196451565,5498886035171.0,0.07654737596428662,0.025252309881754254,1.2676884679864946,0.09899423454095685,2143429197571.0,0.19637937991887278,0.25362638772520485,0.018504336320166348,1.5654619436007062,0.610206652063422,1.0178421600472705,0.1581838289620537,0.1691069635655616,420925296719.0,0.012108557027028736,0.015659287064856146,0.03106404224476113,0.03654559261657817
2019,2,BLI,-0.6494288618018531,-1.0483850725636247e-09,-2.845582663482759e-09,-0.3668860991245503,-0.2825427626773029,-5.241925362818124e-10,-1.4227913317413795e-09,-5.241925362818124e-10,-1.4227913317413795e-09,1.3559782223059995,1907695991044.0,0.10464082597707561,0.25865042802599153,1.356343167615759,0.12251184875777453,702843753466.0,0.28402170927973786,0.2586689100089723,0.022943662040170024,1.7142533196551837,0.6315745502608286,1.2048227481749008,0.09812386370394911,0.21329431772527235,199622884216.0,0.010267762146043226,0.012021335949626696,0.02786930749032766,0.03483663283707505
2019,2,BMI,-0.6002081622298854,-3.779663167350196e-10,-9.093961275860506e-10,-0.21191768504977526,-0.3882904771801101,-1.889831583675098e-10,-4.546980637930253e-10,-1.889831583675098e-10,-4.546980637930253e-10,1.436956699301541,5291476810094.0,0.15742953269943588,0.09357780725658221,1.438565375387658,0.18727865487250814,2199261619146.0,0.37877927493977614,0.03252386207398011,0.019831951589275327,1.4060242601554356,0.5843765931373455,1.1134607747365681,0.054956098174876775,0.3503397660302871,833034721503.0,0.008651712854655172,0.010292104143232422,0.02081623102019898,0.024643828131624548
2019,2,BVH,-1.086759855390829,-0.006450367906191109,-0.048565794757099746,-0.2590098586769402,-0.8277499967138889,-0.0038796016102118176,-0.029210106815770596,-0.002570766295979292,-0.01935568794132915,2.8761392470473353,120933424001333.0,0.06728678691694288,0.07218530087584307,2.8818614699910188,0.10919319916049205,16062026388438.0,0.5066123871998773,-0.020753527836703464,0.01335777200110425,6.529151121827632,0.8671829023193708,62469219988.102,0.03167580390138064,0.5067061263458349,8137221531914.0,0.002131363067535067,0.0034587823639721468,0.016047354630953633,0.0032061710779167246
2019,2,MIG,-0.5046010086958085,-0.03758991622779737,-0.12278571086206985,-0.2895664855026492,-0.2150345231931593,-2.1465119204757508e-10,-7.011481228963768e-10,-0.03758991601314618,-0.12278571016092173,1.2424916786694502,4658720925148.0,0.08520381862053474,0.045351993956532735,1.2436676188183404,0.10004233433166228,1426232157435.0,0.27831430573257876,0.2609420278021983,0.020845685265205176,2.266453431765592,0.6938575672699925,1.3624373057287176,0.14787640596404017,0.2485264538351669,396940812710.0,0.012599634472016641,0.014793900845219124,0.04115611926011081,0.045975760655559715
2019,2,PGI,-0.6494680489117906,-3.542442500198826e-10,-1.3757847243503324e-09,-0.21675413563737744,-0.4327139132744131,-1.771221250099413e-10,-6.878923621751662e-10,-1.771221250099413e-10,-6.878923621751662e-10,1.155927275969602,5645822056075.0,0.11351028968552507,0.032440982365105286,1.157525969614203,0.13310906054756955,1453715806406.0,0.440841940545715,0.1997722780049386,0.005328343841625487,2.8837178705740856,0.7425147672088288,0.7963668985250116,0.0656694115671525,0.37427740843525187,640858897098.0,0.007454153930465452,0.008741193680415366,0.028949830829758737,0.03531029911704999
2019,2,PTI,-0.6343849261933745,-0.02844808625963006,-0.11448526849143179,-0.25243784733621927,-0.3819470788571552,-0.0010027654171560884,-0.004035486498786026,-0.027445320842473975,-0.11044978199264577,1.1438315239116659,7162663597205.0,0.1391074990599594,0.01730078765340725,1.1468595924023046,0.16166462233170525,1779827872590.0,0.5598183031964044,0.12475519677521374,0.0026999160386230966,3.0243574715918533,0.7515131279815346,0.8490272248594702,-0.009991166698237545,0.4519656075777761,996380219615.0,-0.0013898462120829772,-0.0016152181909236834,-0.005593237987959764,-0.008074299487248984
2019,2,PVI,-0.6121961326528316,-9.319868061730279e-11,-2.8710007742115253e-10,-0.18988390161122956,-0.42231223104160204,-4.6599340308651395e-11,-1.4355003871057626e-10,-4.6599340308651395e-11,-1.4355003871057626e-10,1.3164091296995433,21459531258951.0,0.0506427884258048,0.057237969968873176,1.3165690137338366,0.057193183273668756,6966211984214.0,0.15600594752595956,0.16911622618412728,0.026355435993053265,2.0805165429332373,0.6753791170854061,0.8988145614006222,0.2141135267559807,0.12935015844248232,1086770501264.0,0.010843306034606025,0.012245834177126382,0.03340298361969166,0.04297807068827301
2019,2,VNR,-1.0309875719954025,-2.754139987203546e-10,-6.76377463886125e-10,-0.7117046276092212,-0.3192829443861813,-1.377069993601773e-10,-3.381887319430625e-10,-1.377069993601773e-10,-3.381887319430625e-10,1.3212955339952077,7261795004221.0,0.054887093228096026,0.012379172820667583,1.330711774652028,0.0696242216823347,2956928796103.0,0.13479486551224892,-0.011069178757771192,0.01882635553268882,1.4558572441079662,0.5928102081669543,0.8406272023985336,0.1410638374077135,0.11571616482275322,398578819400.0,0.00774258399491015,0.009821459887035462,0.01901468099201449,0.022481616556221315
2019,3,ABI,-0.7205084004668123,-8.054424986120768e-10,-2.33501623563273e-09,-0.46478732871003886,-0.2557210717567734,-4.027212493060384e-10,-1.167508117816365e-09,-4.027212493060384e-10,-1.167508117816365e-09,1.4153390314952714,2483107116208.0,0.14182262403032833,0.046982227901941086,1.4170046016807891,0.15278958187882954,856525093693.0,0.41115055421274466,0.46353169349602613,0.016442038635596297,1.8990477155804237,0.6550591442059834,1.495729071701609,0.20960136741324636,0.4049742335690717,352160766969.0,0.02972621592689155,0.032024905288300834,0.08617771837570536,0.10773528223868263
2019,3,AIC,-0.6478516386696455,-9.885023227646438e-10,-2.4429472873079327e-09,-0.2199603016876487,-0.4278913369819967,-4.942511613823219e-10,-1.2214736436539663e-09,-4.942511613823219e-10,-1.2214736436539663e-09,1.2066966800255425,2023262822900.0,0.10169488951963483,0.11644655224621647,1.2066966808561794,0.14163303155130005,818683239868.0,0.2513249071486731,0.025108596878664572,0.0294480493454222,1.4713622123572725,0.595364857890999,0.6691235363725635,-0.0038642552814575058,0.2341836876236922,205755489244.0,-0.00039297501392348644,-0.0005473061902009487,-0.0009711835998110774,-0.0012134994723150593
2019,3,BIC,-0.7657984496789368,-3.6975266835832265e-10,-9.063817997947552e-10,-0.3459862061966976,-0.4198122434822392,-1.8487633417916133e-10,-4.531908998973776e-10,-1.8487633417916133e-10,-4.531908998973776e-10,1.2426383932517509,5409021140753.0,0.07621645460431849,0.0273179488745975,1.2427479345345642,0.10361990350979257,2206575640037.0,0.1868308553524534,0.18551037180880256,0.020440640040375397,1.4513191583417921,0.5920563845809228,0.9070466538141009,0.1518736463840022,0.16360020285819288,412256414228.0,0.01157527087521862,0.015737132583990662,0.028374683259419168,0.029774913605204352
2019,3,BLI,-0.6099616377078478,-1.0251722028949412e-09,-2.716340252334757e-09,-0.33257656180377004,-0.27738507590407785,-5.125861014474706e-10,-1.3581701261673784e-09,-5.125861014474706e-10,-1.3581701261673784e-09,1.3031673397156367,1950891756870.0,0.1137362414796372,0.11841587032202122,1.3036481441601595,0.14053635489908842,736284785487.0,0.3013604251149064,0.28754110743105876,0.023326799681682334,1.6496429035670266,0.6225906522521315,1.1323752258025417,0.15071192792134464,0.24171123017880455,221887095960.0,0.01714140822792373,0.021180504989879924,0.045418610668263554,0.05703542699738511
2019,3,BMI,-0.5661321673962824,-3.6456782545826276e-10,-8.941409509614378e-10,-0.20450920029849193,-0.36162296709779046,-1.8228391272913138e-10,-4.470704754807189e-10,-1.8228391272913138e-10,-4.470704754807189e-10,1.3990864092205368,5485947635357.0,0.161624746413078,0.07657054861452835,1.4009710714087698,0.19479962938927514,2236783806680.0,0.3964016963785399,0.053089280402563235,0.015400899869639835,1.4526052178013795,0.5922702957892086,1.022093809782368,0.052024672774701575,0.37839654424639124,886664895400.0,0.008408474544434505,0.01013438697561018,0.020622668541430144,0.02400894656855184
2019,3,BVH,-1.0714912781263193,-0.005963352336856278,-0.04433318473235912,-0.24615829255690183,-0.8253329855694175,-0.00426929369190517,-0.03173909157608257,-0.001694058644951108,-0.012594093156276553,3.4833783226683575,121823680431061.0,0.06937186441812047,0.0898740053713483,3.489832308356714,0.10913473873132568,16386766115919.0,0.5157293258472826,-0.029559559485957097,0.014003535653716046,6.434272239518621,0.8654878422820912,64343218619.913,0.042209296284588825,0.5040517915021073,8451135841780.0,0.002928137579038772,0.0046065005220517164,0.021768571917339205,0.00978179063014479
2019,3,MIG,-0.606071972466923,-0.013965160242806791,-0.04452399439920676,-0.29523108543433324,-0.31084088703258983,-2.1581121256245224e-10,-6.880534882774407e-10,-0.01396516002699558,-0.04452399371115327,1.2374878913549607,4633679539290.0,0.08913394568828666,0.010987272878751014,1.2383769422000834,0.10637768205166916,1453375380021.0,0.28417857221857734,0.2055530827615058,0.014767949830972505,2.1882193705682886,0.6863452969292532,1.281322950639366,0.06571920197073686,0.25024009740122677,413018140392.0,0.005857811779137201,0.006991056371932474,0.018675988983388313,0.02234987962556622
2019,3,PGI,-0.6602741618318624,-3.4906981262791703e-10,-1.3413645609334413e-09,-0.21665382850361764,-0.4436203333282447,-1.7453490631395851e-10,-6.706822804667207e-10,-1.7453490631395851e-10,-6.706822804667207e-10,1.1568377221420898,5729512915893.0,0.10854815085028331,0.025472204784309397,1.1581355103157374,0.12762783502131275,1491018965499.0,0.4171161109844495,0.16337191764035494,0.005725355428141197,2.8426827883946473,0.7397651445442966,0.7787730393184102,0.05520568929079037,0.3661425496672303,621928032293.0,0.005992475488930584,0.007045782605042846,0.023027182421190354,0.0267793313970882
2019,3,PTI,-0.5644725828758856,-0.024737767330145412,-0.1005337559226757,-0.224295920694973,-0.34017666218091264,-0.001660443016727751,-0.006748004811404207,-0.02307732431341766,-0.09378575111127149,1.1355245928243065,7340466689438.0,0.15609207869543834,0.015407182729443738,1.1372148933320918,0.18379860063428985,1806226728440.0,0.6343548603882048,0.09975944426585641,0.0014041442819977211,3.063978554773025,0.7539357094230901,0.7912760182545421,0.022854977819361195,0.45191747689449335,1145788704149.0,0.003567480996362225,0.004200712940726321,0.014498166263776386,0.013639480388778798
2019,3,PVI,-0.5797766795889102,-8.804117876389142e-11,-2.8120731558438127e-10,-0.1716160483308155,-0.4081606312580947,-4.402058938194571e-11,-1.4060365779219064e-10,-4.402058938194571e-11,-1.4060365779219064e-10,1.3002097159372668,22716642690162.0,0.04643874096777797,0.07129569070095763,1.300874631757727,0.05217634652749584,7112190505584.0,0.1483273380708433,0.13879432073236653,0.01593323090788567,2.1940430549950065,0.6869171821475138,0.7877645573511499,0.1550764737343575,0.12086705267836659,1054932285546.0,0.007201556193946252,0.008091323831825944,0.023002080546430298,0.028468372938561734
2019,3,VNR,-0.9760171806039815,-2.7683706360975925e-10,-6.611335543144207e-10,-0.5553695323221381,-0.4206476482818433,-1.3841853180487963e-10,-3.3056677715721035e-10,-1.3841853180487963e-10,-3.3056677715721035e-10,1.358808900599998,7224466167649.0,0.048074571790129,0.034811631092671706,1.368461882916379,0.06047871829451026,3025107388588.0,0.11481017789061432,0.07261594648714656,0.020026154627799622,1.3881684977210327,0.5812690767195555,0.8510939423702248,0.20217603885856608,0.09494925421839928,347313117422.0,0.009719526494350046,0.012227347700027178,0.023211866986571725,0.02864783142431022
2019,4,ABI,-0.8027275057189183,-7.783708982826836e-10,-2.2442254817517795e-09,-0.4739696666962489,-0.32875783902266936,-3.891854491413418e-10,-1.1221127408758897e-09,-3.891854491413418e-10,-1.1221127408758897e-09,1.4136468352971368,2569469136645.0,0.14009775129816424,0.02841839367735834,1.4153463886192554,0.15154584139253066,891176049939.0,0.4039346076441799,0.33592832502422854,0.01671278041592488,1.8832340555167268,0.6531672487404835,1.41201554555107,0.09625884673249,0.397204944272492,359976848074.0,0.013485647969776492,0.014587627919549845,0.03888227948716959,0.04861547189551896
2019,4,AIC,-0.623901895093541,-9.629816029991423e-10,-2.425037434155677e-09,-0.21899912918805256,-0.4049027659054884,-4.814908014995711e-10,-1.2125187170778384e-09,-4.814908014995711e-10,-1.2125187170778384e-09,1.3000235752661198,2076882874783.0,0.128846528137972,0.15341038074690821,1.300023576065918,0.16463189735646203,824729536885.0,0.3244689753391407,-0.08878195501528188,0.0855164982887375,1.518259358852816,0.6029003142648712,0.654598419370278,0.02259460490625229,0.30507229715004536,267599147765.0,0.002911236396819796,0.0037197926757359403,0.007331248302124401,0.006580750318871247
2019,4,BIC,-0.7001637753066094,-0.0018030582892892494,-0.004478312252759117,-0.34308238735751106,-0.3570813879490984,-1.8030581089834386e-10,-4.478311804927937e-10,-0.0018030581089834386,-0.004478311804927937,1.2626697755920455,5546132956102.0,0.08314575375183615,0.03526605347986134,1.2627235716076497,0.1097733697379865,2232984310962.0,0.20651170846979025,0.21415824320039967,0.018422989891750285,1.4902347493034531,0.5999983846733804,0.9698905042136392,0.06179249485593762,0.1876470670371542,461137405043.0,0.005137783561003391,0.006783170384853469,0.012760873683310404,0.02514971918178788
2019,4,BLI,-1.015143654480951,-9.977881811172897e-10,-2.9623374182698496e-09,-0.5993815457044561,-0.41576210877649467,-4.988940905586448e-10,-1.4811687091349248e-09,-4.988940905586448e-10,-1.4811687091349248e-09,1.3255098812134132,2004433443740.0,0.11684594255122593,0.26226148636384594,1.3259455176334873,0.1332306463866765,675142536993.0,0.34690439748936797,0.04204243911864006,0.029371160098382747,1.9689040964112476,0.663175378009421,1.2466993648089353,-0.26105747269531326,0.2898753863808601,234209915015.0,-0.030503506457124806,-0.034780855831268734,-0.09056198527546477,-0.11318022725389588
2019,4,BMI,-0.5268036394336209,-3.4581773833266245e-10,-8.794027091153923e-10,-0.1960527804306305,-0.33075085900299034,-1.7290886916633122e-10,-4.3970135455769617e-10,-1.7290886916633122e-10,-4.3970135455769617e-10,1.345378268858875,5783393326331.0,0.16852598903148125,0.06740352805009102,1.3465574573656007,0.20628282582439153,2274270910550.0,0.428555839920713,0.0450652856304086,0.015697423461126393,1.5429658795276806,0.6067583886789171,0.9785401814023335,0.04517764857634184,0.41635626075479465,974652080278.0,0.0076136079084447,0.009319373012429093,0.019361145131276982,0.024163118277929364
2019,4,BVH,-1.08691266931592,-0.005764095555774975,-0.03732912829966378,-0.22251172993432453,-0.8644009393815953,-0.004934674473209443,-0.03195767570906355,-0.0008294210825655322,-0.005371452590600233,3.8378622171228143,128253864327828.0,0.07267611586985585,0.22848136746871917,3.8435499205809784,0.11674318276594096,19804039447384.0,0.4706611865427914,-0.05401476623922765,0.01374489779623958,5.4761466805081325,0.8455871910669049,67826772149.361,0.011382532749662678,0.4592011681923947,9320992704646.0,0.0008272382690069137,0.0013288331011331786,0.005357316369818418,-0.0052708344989663685
2019,4,MIG,-0.4899572413486455,-0.013761096311396255,-0.046219884844937865,-0.23850559137665078,-0.2514516499719947,-2.0121290845020333e-10,-6.758209700328597e-10,-0.013761096110183346,-0.0462198841691169,1.274385638704396,4969860073602.0,0.12967877373293873,0.0037312666432935356,1.2751776233226184,0.1479596243939853,1479681815661.0,0.4355567211462263,0.17976870604255904,0.012056329603621482,2.3587356558692827,0.7022689182899726,1.2552432391500865,0.040817739663264574,0.3794385351422266,644485359969.0,0.005293194426082486,0.006039377429188103,0.01777844085233179,0.020734448364499863
2019,4,PGI,-0.5945099888606041,-3.422993682693765e-10,-1.297894746120981e-09,-0.22279590012845663,-0.3717140887321475,-1.7114968413468824e-10,-6.489473730604905e-10,-1.7114968413468824e-10,-6.489473730604905e-10,1.1691946348676272,5842838711949.0,0.12905174613085943,0.023656866124742933,1.1705897939067857,0.15114937888501456,1540957004393.0,0.48932483903729695,0.21018450676464256,0.00514732119894184,2.7916948333354434,0.7362656954330027,0.8177349924201854,0.0703303575047108,0.42562599021856223,754028538138.0,0.00907625544199052,0.010630389853598059,0.03441439086542816,0.04216831907341862
2019,4,PTI,-0.5366806834491736,-0.002433754468649655,-0.009859742296659264,-0.25351073197088175,-0.2831699514782919,-0.0016040590523518615,-0.006498440614507824,-0.0008296954162977933,-0.00336130168215144,1.1666047397908745,7577823669383.0,0.1713154315590853,0.021559258368201138,1.1676483777745619,0.19645292382286678,1870491303231.0,0.6940412553410714,0.14566752164299998,0.010013810969531382,3.0512477423944278,0.7531624665814771,0.7637568194778901,0.049351825863033195,0.4612589070661128,1298198132199.0,0.00845472934595436,0.009695310486789848,0.03425220317535352,0.03968358039056178
2019,4,PVI,-0.5419965485357654,-0.0005722534877840159,-0.0017489863209332612,-0.12293340992997817,-0.4190631386057872,-0.0005722534425013063,-0.0017489861825350842,-4.528270949891935e-11,-1.3839817699511584e-10,1.25772965272219,22083484205464.0,0.05226493330221073,0.033326713836304755,1.2600422192174068,0.06195769963552191,7225528700680.0,0.15973804504719194,0.13676774402827221,0.005174294975183248,2.056313955736652,0.6728084828710034,0.7455895098969717,0.1093024462117944,0.13303626560524703,1154191829079.0,0.0057126850610279105,0.006772128131818147,0.017459759076747888,0.02107114476581696
2019,4,VNR,-0.990896362620927,-2.8565200939739303e-10,-6.436349879644504e-10,-0.5138450783062651,-0.4770512843146618,-1.4282600469869652e-10,-3.218174939822252e-10,-1.4282600469869652e-10,-3.218174939822252e-10,1.4764383674187151,7001526102404.0,0.03209295331682739,0.02651069043353982,1.4868461487716078,0.03883585873181977,3107351274245.0,0.07231227837464105,0.21555908646203392,0.014086511253268612,1.2532135843267918,0.556189432304183,1.024956753796022,0.3770908881284021,0.05700615982048558,224699650351.0,0.012101960268905787,0.014644648460411077,0.027268301274881633,0.03298767225084018
2020,1,ABI,-0.7212591491220461,-7.463039995229203e-10,-2.1535818101239835e-09,-0.4617646997788385,-0.2594944493432077,-3.7315199976146015e-10,-1.0767909050619918e-09,-3.7315199976146015e-10,-1.0767909050619918e-09,1.4269576097762675,2679873082924.0,0.1478961875106979,0.04600680309884445,1.4283641594624985,0.15845267265544657,928685407073.0,0.4267785505817097,0.4839887661956097,0.016591232554949337,1.8856629624130044,0.6534591832014244,1.375567977484906,0.2064392421450037,0.41729234202399573,396343011977.0,0.030531576865843835,0.03271084965884074,0.08810384054583127,0.11018799173785261
2020,1,AIC,-0.5670278483543758,-9.261436898751973e-10,-2.5335029226208707e-09,-0.17711927197806618,-0.38990857637630966,-4.6307184493759867e-10,-1.2667514613104353e-09,-4.6307184493759867e-10,-1.2667514613104353e-09,1.2488028451160318,2159492119705.0,0.11201064622687447,0.13303035788261922,1.2488028458460718,0.14140465896356907,789420837901.0,0.30640958058968104,0.003127933537502658,-0.005352945191611216,1.735539798324678,0.6344414361609989,0.5585784975106362,-0.14573153621893709,0.2807575802398505,241886107850.0,-0.016323483547518305,-0.020607118179275814,-0.04465353889153443,-0.044653540045156016
2020,1,BIC,-0.5817008184632528,-3.638393097944573e-10,-8.681149758297422e-10,-0.3172273650642135,-0.26447345339903927,-1.8191965489722864e-10,-4.340574879148711e-10,-1.8191965489722864e-10,-4.340574879148711e-10,1.1659006484802072,5496932151531.0,0.06970140282708186,0.039156965865882895,1.1659493252975426,0.10293777305479396,2303842297028.0,0.1663064710207217,0.3577935448018892,0.011896030841067549,1.3859845609320334,0.5808858043870277,0.8486616801315663,0.16457517073424896,0.14660251478224123,383143882207.0,0.01147112027068366,0.01694100157549609,0.027369915862445703,0.036621741566076955
2020,1,BLI,-0.5292207230321837,-1.0040643394265083e-09,-2.9027271036973214e-09,-0.2750758485508596,-0.2541448744813241,-5.020321697132541e-10,-1.4513635518486607e-09,-5.020321697132541e-10,-1.4513635518486607e-09,1.2690716494443697,1991904225124.0,0.10754083360391735,0.061434170540873065,1.2695430514964672,0.1298930282321332,689007243379.0,0.3108980970627759,0.2898002821878628,-0.010028482293736983,1.8909771911183229,0.6540961986582925,1.111402446036627,0.06443576564766573,0.24313107837656406,214211040829.0,0.006929475951656634,0.008369756726431362,0.020032956922642262,0.024303691498612473
2020,1,BMI,-0.5361934831536694,-3.337817611039835e-10,-8.689607603346689e-10,-0.209093881563553,-0.3270996015901165,-1.6689088055199176e-10,-4.3448038016733447e-10,-1.6689088055199176e-10,-4.3448038016733447e-10,1.3557326180837763,5991939144263.0,0.15763279492855653,0.06416371631640756,1.3570764534093078,0.18861697388817086,2301599901047.0,0.41037806524163223,0.07564501566377332,0.00340557026311846,1.6033799973389211,0.6158839658358891,1.0281331747267266,0.043308197624650865,0.3886317273971478,944526114352.0,0.0068267922348919895,0.008168661180512515,0.017772734350306473,0.022196888269923058
2020,1,BVH,-1.0898816775393196,-0.00457610628861678,-0.03050208674816482,-0.2846793067782275,-0.8052023707610921,-0.004564056035475309,-0.030421765653444444,-1.2050253141470933e-05,-8.0321094720375e-05,3.9769737973991903,133432083303416.0,0.05904730130938677,0.12993705729451546,3.9828281056104085,0.08857233267788911,20018282701420.0,0.39358043567828704,-0.02070645675093742,0.011251385569962311,5.665510987810706,0.8499739927173309,76602361077.176,0.014550207642910207,0.3861356072374624,7878804427156.0,0.0008591504948050612,0.0012887458318802075,0.00572667706330614,9.011797911612682e-05
2020,1,MIG,-0.548346969742761,-0.019454222661031008,-0.06608765387972287,-0.23075290075254304,-0.3175940689902179,-1.9521123162749736e-10,-6.631492059086335e-10,-0.01945422246581978,-0.06608765321657367,1.2437049646397116,5122656066779.0,0.09738686205878411,0.014078611040268533,1.2445892188427528,0.112552246040541,1507956265483.0,0.33083147778838823,0.15162222788895585,0.013229113254053447,2.397085302827538,0.7056300001746622,1.2559897730566927,0.05666224338821278,0.2998832520823516,498879399750.0,0.00551815808078913,0.006377462759039143,0.018745653714927767,0.02201215044127256
2020,1,PGI,-0.6053736192945136,-3.347320235860869e-10,-1.3657772829220694e-09,-0.23360535785642123,-0.37176826143809244,-1.6736601179304345e-10,-6.828886414610347e-10,-1.6736601179304345e-10,-6.828886414610347e-10,1.1397129576775766,5974928776080.0,0.11201845303001458,0.028406784717558108,1.1408848604733193,0.1308464034081124,1464367598589.0,0.45705892366500744,0.2157282074715265,0.002839626125214735,3.080210994723714,0.7549146352252027,0.7711236822639436,0.06277779107014998,0.39098430908241816,669302278461.0,0.007032271040319664,0.00821424817543504,0.028693149616589465,0.035901086209401425
2020,1,PRE,-0.8209983944735656,-4.2844258740740387e-10,-2.362365478232332e-09,-0.5227594329483799,-0.2982389615251857,-2.1422129370370194e-10,-1.181182739116166e-09,-2.1422129370370194e-10,-1.181182739116166e-09,1.0171753241316919,4668070025677.0,0.05115253452273774,0.008887933949729539,1.0171753243933719,0.061429824511776664,846609052845.0,0.28204708222830366,0.11944829654587266,0.013606194453455612,4.51384373931523,0.8186383134382783,0.2871238250152596,0.15099122777913682,0.1800756308826191,238783613143.0,0.007723583991602854,0.009275364625290073,0.04258663523717473,0.05177647096985675
2020,1,PTI,-0.5530734316398976,-0.012349575099962108,-0.05072135795915965,-0.25785311563265034,-0.2952203160072473,-0.0010739201420776302,-0.004410733770592496,-0.011275654957884478,-0.04631062418856716,1.1463333539071092,7871879372376.0,0.14011843546277292,0.017356044258998286,1.148768315219319,0.16219289535082385,1916635701380.0,0.575485169672479,0.15909334214932655,0.010265525040686119,3.1071338526711965,0.7565212053292053,0.7614016006011557,0.04285152255344958,0.5016938439890598,1102995421809.0,0.006004288297387084,0.006950212513135116,0.024660415727395992,0.028806985134326453
2020,1,PVI,-0.48154777415869215,-8.473432450205212e-11,-2.780933493352519e-10,-0.17460183570758964,-0.3069459384511025,-4.236716225102606e-11,-1.3904667466762596e-10,-4.236716225102606e-11,-1.3904667466762596e-10,1.1628759555726944,23603185742651.0,0.04878352821489405,0.04473788610567942,1.1630171133182414,0.06055525573057732,7191829667199.0,0.16010483158264976,0.16399762425765332,0.006341303579851592,2.281944489077941,0.6953025856080371,0.6660311465746973,0.08173451203147064,0.12475150116763388,1151446677638.0,0.003987297873817844,0.004949454278079653,0.013086090283288667,0.019391838178438515
2020,1,VNR,-0.9234077670772907,-2.8455832973407053e-10,-6.979335078656144e-10,-0.7069258043651317,-0.21648196271215886,-1.4227916486703527e-10,-3.489667539328072e-10,-1.4227916486703527e-10,-3.489667539328072e-10,1.406660035927398,7028435969065.0,0.05874286358347867,0.010033904001209149,1.4163959839856952,0.0700722005173678,2865602492874.0,0.14407806259336398,0.10615394604182146,-0.0008824774861986666,1.452690485349197,0.5922844704729928,0.9874093766132457,0.05252906687001915,0.12230927121524213,412870455336.0,0.003085707809312964,0.003680827306706204,0.0075682861844696215,0.008087274451866707
2020,2,ABI,-0.7146264442401662,-6.997894943328482e-10,-2.110961290502919e-09,-0.4728549850643986,-0.24177145917576756,-3.498947471664241e-10,-1.0554806452514594e-09,-3.498947471664241e-10,-1.0554806452514594e-09,1.392848113639378,2858002322408.0,0.1504510017755038,0.03767844656713614,1.3942730381548119,0.1614163921638952,947435658341.0,0.4538453969907883,0.45430209420082535,0.01591754438899173,2.0165661353853657,0.6684972398683212,1.4290832459199025,0.19600818926943014,0.44701518035071447,429989312483.0,0.029489628431788317,0.031638934746449326,0.08895741447243008,0.11137240656534082
2020,2,AIC,-0.5310123368807317,-8.40558816483175e-10,-2.4161047714607202e-09,-0.1907285851753606,-0.3402837517053711,-4.202794082415875e-10,-1.2080523857303601e-09,-4.202794082415875e-10,-1.2080523857303601e-09,1.1109395970872997,2379369487037.0,0.12762080571863618,0.21209347847565646,1.110939597732159,0.1762616702057339,827778672359.0,0.3668336249503016,0.06883006843264264,0.06314312991289002,1.874402985349071,0.6521016694259525,0.5269501822392255,0.12654043305976603,0.33819627000197405,303657051038.0,0.016149192023072488,0.02230422807967123,0.04641928576209496,0.04719272658630707
2020,2,BIC,-0.6945044192058336,-3.446723113762609e-10,-8.784342855506525e-10,-0.3738833047416358,-0.32062111446419783,-1.7233615568813045e-10,-4.3921714277532624e-10,-1.7233615568813045e-10,-4.3921714277532624e-10,1.2641849796843319,5802612899232.0,0.0844721163439792,0.06627624468604609,1.264227167358031,0.10998201159319107,2276778164170.0,0.21528623193805427,0.24582672352959437,0.024819748849581415,1.548607058231931,0.607628803832263,1.0291924833655846,0.19423043408934493,0.1873771408258929,490158991923.0,0.01640705582593673,0.021361853853764864,0.04181513828278767,0.047774001459252584
2020,2,BLI,-0.7050932987786955,-9.657321186943964e-10,-2.908960511223102e-09,-0.4978271598432438,-0.20726613893545173,-4.828660593471982e-10,-1.454480255611551e-09,-4.828660593471982e-10,-1.454480255611551e-09,1.2500124666587913,2070967674456.0,0.11495942414771777,0.17371473144067115,1.2503276616890455,0.13802359114327603,687530818065.0,0.3462786613028478,0.3531892187073945,0.044467114849751056,2.0121815925060225,0.6680147032011979,1.1855400132674327,0.14299250814766057,0.2879398492101977,238077251284.0,0.0164383363940929,0.019736339481124267,0.04951525429770846,0.061974508355816915
2020,2,BMI,-0.4439767004709112,-3.391075173019069e-10,-9.150888570967897e-10,-0.20340845042049047,-0.24056825005042073,-1.6955375865095344e-10,-4.5754442854839485e-10,-1.6955375865095344e-10,-4.5754442854839485e-10,1.3118482560389695,5897834456496.0,0.15062720537544516,0.0739999048394132,1.3134044909261258,0.1822220920944035,2185580104587.0,0.40647072147322294,0.013275564892652372,0.026226347137759606,1.6985212960704954,0.6294266784345302,0.9928782797309097,0.05659346159251805,0.3851121002536081,888374321949.0,0.008524514962203585,0.010312578970252912,0.02300358516417795,0.026689996968856457
2020,2,BVH,-1.1873239313141282,-0.004170673445858415,-0.028058000218474773,-0.2769853595093348,-0.9103385718047935,-0.0024412861205022523,-0.016423632152364143,-0.001729387325356163,-0.01163436806611063,4.340924364030411,137838678600184.0,0.059596770508695475,0.08621617783813511,4.347029662914406,0.08597435165662892,20488991096075.0,0.40093433870107287,-0.13413475628305438,0.021294812965531307,5.727450754107129,0.8513552850030902,83724293768.871,0.0659557974812679,0.38986611171914776,8214740095757.0,0.003930752526209118,0.005670506926447927,0.026443944046654035,0.020015921449201484
2020,2,MIG,-0.5556658783238095,-3.8423139928077365e-10,-1.406809214912435e-09,-0.25483182676094984,-0.30083405156285975,-1.9211569964038683e-10,-7.034046074562175e-10,-1.9211569964038683e-10,-7.034046074562175e-10,1.1920321397104774,5205196669881.0,0.10359288472923878,0.06347810031739352,1.1930215783100293,0.12130833828667607,1421656880549.0,0.3792907740212036,0.1762885002325451,0.02347624790158692,2.6613593203100554,0.726877393744759,1.1109829516542862,0.0968184791184206,0.3300812005909509,539221338616.0,0.010029705546974757,0.01174488881729885,0.03672235588438149,0.04590402185440881
2020,2,PGI,-0.583466088800941,-3.210239473217087e-10,-1.3314923744292502e-09,-0.21509277742596686,-0.36837331137497414,-1.6051197366085436e-10,-6.657461872146251e-10,-1.6051197366085436e-10,-6.657461872146251e-10,1.1393060795113266,6230064818173.0,0.12237485627598636,0.036736333217636634,1.1404878790286435,0.142381998461957,1502073942299.0,0.5075670812497441,0.21806683918240652,0.005340179164628494,3.147641898798651,0.7588991469370472,0.7577660181933004,0.08797746741241629,0.42718424165251373,762403286714.0,0.010766229930119716,0.012526407629801528,0.04465446635026461,0.05473676353088627
2020,2,PRE,-0.8003894092544401,-4.4454909623461244e-10,-2.29981296270584e-09,-0.5013219117994073,-0.2990674974550328,-2.2227454811730622e-10,-1.14990648135292e-09,-2.2227454811730622e-10,-1.14990648135292e-09,1.0353906083035918,4498940650066.0,0.041225699143703776,0.008853564568012687,1.0353906085791265,0.049357214193016995,869635936675.0,0.21327542467269786,0.1579278255246731,0.015445213918169377,4.173361012733013,0.806702065148994,0.3494855969488827,0.20265532888426216,0.1367609834072983,185471973705.0,0.008354607618450935,0.010002502475096832,0.04322140132997627,0.05577383138040538
2020,2,PTI,-0.5959495215822854,-0.024748946366239536,-0.10387403158430307,-0.27883570719900275,-0.31711381438328273,-0.001143518700904893,-0.004799472910776861,-0.023605427665334643,-0.09907455867352621,1.1447024641287837,7973044733580.0,0.14746867807451297,0.025293609372218067,1.1471104646825834,0.16905583598727328,1899651467045.0,0.618942152014324,0.12672454255808316,0.011682716617827433,3.197109244456541,0.7617407740051607,0.8834443612192703,0.05963310411718903,0.49495126651657895,1175774367090.0,0.008794015033641663,0.010081324269047499,0.03690944179358722,0.0408752561029068
2020,2,PVI,-0.49102966443516494,-8.829900753276087e-11,-2.7344771041178494e-10,-0.18120339162720286,-0.3098262728079621,-4.4149503766380435e-11,-1.3672385520589247e-10,-4.4149503766380435e-11,-1.3672385520589247e-10,1.2023773673152922,22650311208288.0,0.04874856254897601,0.059230057850318346,1.2024916219755994,0.06011354416235546,7314012602220.0,0.15096639461023825,0.22486440462411167,0.02551207690135843,2.0968378700103716,0.6770899730709341,0.8213051811383886,0.32437832607613143,0.11717366195785259,1104170112691.0,0.01581297711825443,0.019499530829888468,0.04897022637741779,0.05791902208038057
2020,2,VNR,-0.9641741234498126,-2.710542090170487e-10,-6.763885785612797e-10,-0.7419979479975226,-0.22217617545229,-1.3552710450852436e-10,-3.3819428928063983e-10,-1.3552710450852436e-10,-3.3819428928063983e-10,1.2836580398986726,7378597835661.0,0.062353228094966975,0.012549342299683384,1.2928211017774538,0.08053619690966037,2956880206721.0,0.15559622362185582,0.03519907970415706,0.025948908941185185,1.4953996509190393,0.599262587204536,0.8502495536497607,0.211920276016477,0.13332819842139737,460079393868.0,0.013213913308403751,0.01706725307841257,0.032973994657065166,0.040362868290705664
2020,3,ABI,-0.7394567454287513,-6.956465963688934e-10,-2.0223125304005065e-09,-0.4614677502971417,-0.2779889951316096,-3.478232981844467e-10,-1.0111562652002532e-09,-3.478232981844467e-10,-1.0111562652002532e-09,1.4179125327904687,2875023051129.0,0.1507336338001957,0.040473152769513264,1.419362920137579,0.161883806917171,988966823839.0,0.43819738065000025,0.4167810316175422,0.015952146427880703,1.9070975707442364,0.6560142975373223,1.4830871163342871,0.16384568659152615,0.43193846787477486,433362671756.0,0.024697055722428737,0.026523963492393932,0.07179675069520762,0.0897745025943405
2020,3,AIC,-0.4533437245112756,-7.950573114835888e-10,-2.413529222740362e-09,-0.1400540836253287,-0.3132896408859469,-3.975286557417944e-10,-1.206764611370181e-09,-3.975286557417944e-10,-1.206764611370181e-09,1.11446012646261,2515541925233.0,0.11579538826649438,0.1759293342942163,1.114460127055695,0.15501559113179494,828662019567.0,0.3515162358776942,0.012012559068244298,0.0224626916498083,2.0356669737891977,0.67058310129725,0.5407078429132628,0.0028496107095069985,0.32008070847822245,291288153933.0,0.00032997177851572343,0.00044173408862972096,0.0010016844303226656,0.0002290655599746858
2020,3,BIC,-0.6442038578725886,-3.4630255859094644e-10,-8.506707098710808e-10,-0.3295885129596114,-0.31461534491297727,-1.7315127929547322e-10,-4.253353549355404e-10,-1.7315127929547322e-10,-4.253353549355404e-10,1.2668470071591473,5775296631182.0,0.08317875316036931,0.030022226698922672,1.2668981486280027,0.11075429394163747,2351086004011.0,0.204323436953586,0.2313883967251427,0.01898651489499498,1.4564378424818267,0.5929064506718132,1.0255505518461354,0.15735850714716598,0.1834396987040131,480381972913.0,0.013088884423678327,0.01742813035479448,0.03215203101419438,0.03952524332134757
2020,3,BLI,-0.5939918187228537,-9.753266991313354e-10,-2.7550192291139807e-09,-0.34558435175595686,-0.24840746696689675,-4.876633495656677e-10,-1.3775096145569904e-09,-4.876633495656677e-10,-1.3775096145569904e-09,1.3503491544457225,2050594946064.0,0.11198140458590265,0.06857022988074678,1.3507182231363604,0.12871630821717162,725947746159.0,0.31631546969043944,0.29550063983449365,0.026156911367078636,1.824714253765133,0.645981890498455,1.2079576242107115,0.16730034690690007,0.2541597393947809,229628502297.0,0.018734527834343442,0.021534283017308285,0.052919687811229556,0.06614960820359514
2020,3,BMI,-0.5504700689488475,-3.2046147954434366e-10,-8.912210094553704e-10,-0.20123966011617675,-0.34923040883267076,-1.6023073977217183e-10,-4.456105047276852e-10,-1.6023073977217183e-10,-4.456105047276852e-10,1.2931907483322607,6240999707184.0,0.1450852722258114,0.0749423255585599,1.294601061170703,0.1750096317035298,2244112267082.0,0.40349012603339324,0.061454699777589036,0.021272179503291196,1.781055029523598,0.6404242313136456,0.9397690861077416,0.07427258719775644,0.3804636749315546,905477141478.0,0.01077585853250181,0.012998418131147656,0.029968255569248935,0.035154996052079106
2020,3,BVH,-1.1098380170028959,-0.0048668051602757095,-0.0337246267259464,-0.24376739564513006,-0.8660706213577657,-0.002125539456039685,-0.014728969495493143,-0.0027412657042360246,-0.01899565723045326,4.233683951705409,144960943808162.0,0.06026629022902448,0.13481877881254445,4.239099598993102,0.08745342437503421,20919332187040.0,0.41761650100992753,-0.06241542006850525,0.015107313200652077,5.929520622936931,0.8556898731652564,88591682792.081,0.054177436550898496,0.4063593850048625,8736258311416.0,0.003265073115041008,0.004738002350237216,0.02262539148607359,0.017621265332981046
2020,3,MIG,-0.6172669495340481,-3.78166913092772e-10,-1.3896653203747896e-09,-0.2773619469024819,-0.3399050026315662,-1.89083456546386e-10,-6.948326601873948e-10,-1.89083456546386e-10,-6.948326601873948e-10,1.1686022419847064,5288669978141.0,0.10713672594090796,0.048753199408910465,1.1693186689748418,0.1280338619569505,1439195445606.0,0.39369967975504394,0.15272722955346443,0.01570611249210316,2.674740629764922,0.7278719504990012,1.049892917601425,0.030953461333794414,0.33808064855369463,566610786040.0,0.0033162525038412235,0.003963091195500839,0.012186367814424996,0.015332535374334383
2020,3,PGI,-0.6100138979238093,-3.240126854447058e-10,-1.3077647901024574e-09,-0.23973023149572337,-0.37028366642808597,-1.620063427223529e-10,-6.538823950512287e-10,-1.620063427223529e-10,-6.538823950512287e-10,1.1161457338735659,6172597832875.0,0.107928744867168,0.03421606326894379,1.11738316215818,0.12920166642730174,1529326997589.0,0.4356169332799803,0.17416971150863148,0.0042255850153913605,3.036153054648329,0.7522393262940495,0.7400656845459809,0.04090817345255786,0.3808388283546962,666200736672.0,0.004415167815542973,0.005285404180567581,0.017820293065488758,0.02186990433503661
2020,3,PRE,-0.8267916609895009,-4.4188143940439334e-10,-2.2161614995393654e-09,-0.5023608068875415,-0.3244308541019594,-2.2094071970219667e-10,-1.1080807497696827e-09,-2.2094071970219667e-10,-1.1080807497696827e-09,1.0267965195699715,4526100943945.0,0.043593842231018004,0.009576659975928423,1.026796519845937,0.053029800589901394,902461305467.0,0.21863555731056766,0.11542572996388506,0.014686593964809773,4.015285327499845,0.800609549666737,0.37737793720680546,0.16636433574635034,0.16091772148929026,197310130472.0,0.007252460605394506,0.008822267549900363,0.03637315926250571,0.04512690973456409
2020,3,PTI,-0.7113844685272384,-0.02976343984909028,-0.12326133238285464,-0.281183204817467,-0.43020126370977135,-1.2468973491579616e-10,-5.163859734665633e-10,-0.029763439724400546,-0.12326133186646866,1.1884014234140319,8019906375415.0,0.13877355995785037,0.02377104094166795,1.1907592684254997,0.15448431585552824,1936535946720.0,0.5747122639938888,0.1692806667996293,0.010164895395231001,3.1413671607793723,0.7585338461485728,0.9319879940485529,0.04162993746468446,0.5003347486789997,1112950958245.0,0.005777134622796951,0.006431172408340204,0.02392523561025282,0.02951206990914596
2020,3,PVI,-0.5478433052422702,-8.679763603396402e-11,-2.86432397744721e-10,-0.19659323964454792,-0.3512500655977223,-4.339881801698201e-11,-1.432161988723605e-10,-4.339881801698201e-11,-1.432161988723605e-10,1.131063042511726,23042102197546.0,0.04670759340962477,0.05869780706459764,1.1311587827395533,0.05947101942521313,6982450364370.0,0.15413516524769527,0.17329184383410978,0.014378704494081254,2.300002290761003,0.6969699073240967,0.71555364416526,0.16019132364843186,0.15055769899480714,1076241140746.0,0.007482151212720565,0.009526741320446496,0.024691116141798083,0.03221886040859242
2020,3,VNR,-0.978587489035823,-2.853189250832663e-10,-6.51395084000557e-10,-0.6310329773610681,-0.3475545116747549,-1.4265946254163315e-10,-3.256975420002785e-10,-1.4265946254163315e-10,-3.256975420002785e-10,1.3294853903184265,7009699757618.0,0.04240871767880363,0.043945914853295985,1.3397685283070113,0.05635164480464856,3070333272577.0,0.09682088283025138,0.0830710058375339,0.03521863094947065,1.2830419812161307,0.5619879055104715,0.8115617869720088,0.39020599350045565,0.08015188319326931,297272378034.0,0.016548135814937907,0.02198874954638268,0.03778008877636945,0.04629936549366441
2020,4,ABI,-0.7453377803759054,-6.693130809177763e-10,-1.914095644690136e-09,-0.4048910063050443,-0.3404467740708611,-3.3465654045888817e-10,-9.57047822345068e-10,-3.3465654045888817e-10,-9.57047822345068e-10,1.4395196427695842,2988138222635.0,0.14790328656626694,0.030093077277026335,1.4404595743496558,0.15788718756961825,1044879865616.0,0.4229725142434905,0.3225716382046276,0.014555847442006989,1.8597911788388886,0.6503241189778015,1.45706205292817,0.1265128420201838,0.41610901314159865,441955463842.0,0.018711665127624105,0.019974756818006242,0.05351145487336666,0.06691850241361594
2020,4,AIC,-0.8220063756266383,-6.847556805932124e-10,-1.9323335990478423e-09,-0.4060554955002998,-0.4159508801263385,-3.423778402966062e-10,-9.661667995239212e-10,-3.423778402966062e-10,-9.661667995239212e-10,1.339233807675567,2920749774967.0,0.12468072327699296,0.1761886139730158,1.3392338082064246,0.14434948858247007,1035017970492.0,0.3518404557564295,-0.04468006919132424,0.1743353079511728,1.8219314622900795,0.6456327825947725,0.5927956448069971,0.01760000897297584,0.33469889560982996,364161194454.0,0.002194381848432194,0.0025405522942959467,0.0061923951783690685,0.007724134202956358
2020,4,BIC,-0.6730516465505822,-3.4414241561117544e-10,-8.30810672407226e-10,-0.35993905857789504,-0.31311258797268715,-1.7207120780558772e-10,-4.15405336203613e-10,-1.7207120780558772e-10,-4.15405336203613e-10,1.2263291921486925,5811547514270.0,0.0921345013897315,0.028811035947634074,1.2263716831041689,0.1282784977262714,2407287323603.0,0.22242630835134297,0.2753612796156042,0.019469082346091817,1.414147849028601,0.585775162692551,0.9603803814303815,0.09892658692023466,0.2044565516634479,535444032530.0,0.009114551760083755,0.012690153955315113,0.022003875526466047,0.03722272977844666
2020,4,BLI,-0.7428438417229799,-8.800086740842476e-10,-2.8976766927180925e-09,-0.3584633627977595,-0.3843804789252204,-4.400043370421238e-10,-1.4488383463590463e-09,-4.400043370421238e-10,-1.4488383463590463e-09,1.2161648515235781,2272704870871.0,0.11252047232599746,0.15896801553101508,1.2164927752776853,0.13316416171709672,690208126057.0,0.37050538217928947,-0.07039595190212383,0.03905786655185594,2.292781966874889,0.6963054310732031,1.0344945947100994,-0.17731432494695457,0.3090097507362387,255725825528.0,-0.019951491593196723,-0.023611913441994092,-0.06569591173033412,-0.06410273870948408
2020,4,BMI,-0.558501675721019,-2.982940313095301e-10,-8.795558198128405e-10,-0.19073605723049122,-0.3677656184905278,-1.4914701565476506e-10,-4.3977790990642023e-10,-1.4914701565476506e-10,-4.3977790990642023e-10,1.2594124941556748,6704793894869.0,0.13840987510357045,0.03378729110199497,1.260585465851395,0.16615192935979067,2273875011623.0,0.40811815989904576,0.019418697954277794,0.01718352434696913,1.9486202454388157,0.6608583280444853,0.7795576731392178,0.03779153733716663,0.3847971934031124,928009685584.0,0.0052307219628091525,0.006279136842042801,0.015423412677800527,0.019165269062244642
2020,4,BVH,-1.1108517171576031,-0.00822147411530024,-0.05830295720251672,-0.24572051523201416,-0.865131201925589,-0.002142199051380296,-0.015191501896170138,-0.006079275063919943,-0.04311145530634658,4.480978340128587,147283426773859.0,0.06555683685643796,0.32787225070722054,4.486879724169474,0.10405507978088385,20768875867273.0,0.46489928691257476,-0.0619958798894913,0.01586180039078289,6.0915454314955975,0.8589870135275857,80534762818.938,0.04914854261883246,0.4433281955019916,9655435580671.0,0.0032220229901944873,0.005114155523316782,0.0228491224162875,0.01851893835701463
2020,4,MIG,-0.4801406354298762,-3.621146454879342e-10,-1.3028454087746977e-09,-0.24912662752193782,-0.23101400790793833,-1.810573227439671e-10,-6.514227043873488e-10,-1.810573227439671e-10,-6.514227043873488e-10,1.0532661880702,5523112707317.0,0.14578200386754975,0.003098181417913356,1.0539202084721326,0.1958413150531839,1535101545072.0,0.5245063042531402,0.2252383510293642,0.021637845636461678,2.597881016436572,0.7220586241091363,0.9186312159325614,0.11911279268672348,0.4281343169309196,805170438059.0,0.017364501604130573,0.023327205959425192,0.0624754106813838,0.07802808219460544
2020,4,PGI,-0.608446958229612,-3.273201298519715e-10,-1.351601627905157e-09,-0.2145850154374743,-0.39386194279213776,-1.6366006492598575e-10,-6.758008139525785e-10,-1.6366006492598575e-10,-6.758008139525785e-10,1.1175201998392739,6110226098543.0,0.13469510629815332,0.023884922112884448,1.1187554353218998,0.16008500133665007,1479725947874.0,0.5561959327884143,0.17826036889963748,0.005615683895823657,3.1292957708296476,0.7578279552982754,0.7639003394373056,0.04752841917169703,0.4898669075678892,823017553849.0,0.0064018454725149184,0.007608587046629983,0.026435113435160782,0.032923651168075
2020,4,PRE,-0.9098202353656629,-4.4176991705065544e-10,-2.122815330736617e-09,-0.6558999077815364,-0.2539203275841265,-2.2088495852532772e-10,-1.0614076653683086e-09,-2.2088495852532772e-10,-1.0614076653683086e-09,1.089354725756899,4527243532906.0,0.03338968922486252,0.01525364549049434,1.0893547260358314,0.03870578004108579,942145070766.0,0.16044583716401392,0.06631162333020578,0.029259553561953193,3.8052509888155313,0.7918943251190101,0.4225234579406533,0.2625225647704287,0.09665032464052044,151163254609.0,0.008765546852198455,0.010161140647825908,0.04212065267903549,0.05073349337663165
2020,4,PTI,-0.6084582312502305,-2.568251222331979e-10,-9.963477324084542e-10,-0.2627885669130332,-0.3456696643371973,-1.2841256111659894e-10,-4.981738662042271e-10,-1.2841256111659894e-10,-4.981738662042271e-10,1.122155350754218,7787400167901.0,0.1723473913466241,0.05018710811478234,1.1225078036426852,0.20805410814601,2007331311093.0,0.6686181284041249,0.13937213000607473,0.014688089161284302,2.8794792493226886,0.7422334453330075,0.7765329226978301,0.052748196439438885,0.5410427726450598,1342138104310.0,0.009091014054576579,0.010974478966517997,0.035268400380030755,0.04156399485814953
2020,4,PVI,-0.6462612608807472,-8.977093604041169e-11,-2.782990639109792e-10,-0.29459080517681807,-0.3516704557039291,-4.4885468020205845e-11,-1.391495319554896e-10,-4.4885468020205845e-11,-1.391495319554896e-10,1.2122477261113977,22278925543337.0,0.05366601032317632,0.07608173730488256,1.2123116011732005,0.06561227313754302,7186513572463.0,0.1663701092528836,0.16515004767990693,0.030292257772004973,2.1001020618265454,0.6774299748664367,0.8085180410560313,0.17068791757436827,0.13991282003150726,1195621048198.0,0.009160139546587516,0.011199222269167879,0.028397367494994833,0.03421689710345736
2020,4,VNR,-1.002297226292546,-2.867079364368474e-10,-6.358728400485487e-10,-0.6639788331977549,-0.3383183930947913,-1.433539682184237e-10,-3.1793642002427436e-10,-1.433539682184237e-10,-3.1793642002427436e-10,1.2684940253706118,6975739928429.0,0.057574122084486735,0.014474991702323298,1.278005181453402,0.08207386197708935,3145282946583.0,0.12769029339802887,0.021215660166264923,0.022773240806368295,1.2178417798651042,0.5491112084375906,0.7015990274738907,0.1889499455489939,0.110966605253169,401622102269.0,0.010878627232894894,0.015507851751566671,0.024127073984692604,0.029414183258037213
2021,1,ABI,-0.7398286614597315,-6.482457540853593e-10,-1.7776945108118181e-09,-0.46344965383630266,-0.2763790076234288,-3.2412287704267966e-10,-8.888472554059091e-10,-3.2412287704267966e-10,-8.888472554059091e-10,1.485719812885942,3085249671742.0,0.14227683536520846,0.03384971834720186,1.4866549028266998,0.15063109353643747,1125052694845.0,0.3901679997908685,0.45500586847184127,0.013634459087519426,1.7423157029698586,0.6353446837222186,1.4368451031336156,0.18264263407950052,0.38340677227961134,438959559607.0,0.02598581597959711,0.027511659697770564,0.07126131121533423,0.08910224814723576
2021,1,AIC,-0.5499829822453549,-6.708828289874083e-10,-1.929128335327699e-09,-0.2234312687865728,-0.32655171345878214,-3.3544141449370413e-10,-9.645641676638494e-10,-3.3544141449370413e-10,-9.645641676638494e-10,0.9939544085625528,2981146503658.0,0.10676690813465445,0.07203859324065884,0.9939544090772332,0.16481288317111636,1036737661966.0,0.307009001957564,0.09043609822289007,0.01755776162417859,1.8755070959848734,0.6522352522112292,0.44371227134950225,0.0051737567303162405,0.2671597346350512,318287794892.0,0.0005523860095367243,0.0008527017635493874,0.0015883898901456184,0.001987956214608588
2021,1,BIC,-0.6849259573936115,-3.3611615835694414e-10,-8.022078581003635e-10,-0.34960469026988167,-0.3353212671237299,-1.6805807917847207e-10,-4.0110392905018177e-10,-1.6805807917847207e-10,-4.0110392905018177e-10,1.3317904844884076,5950323869512.0,0.0796764111395977,0.033141569891891653,1.331833560736391,0.10303391928876265,2493119432582.0,0.19016355367700843,0.2456380490132224,0.02337717678191232,1.3866982831823444,0.5810111369977469,1.127513820835991,0.16849340701658977,0.164864212316263,474100451041.0,0.013424949971765382,0.017360536099235945,0.0320413050494213,0.04157488731276057
2021,1,BLI,-0.5948202001527569,-9.141522434566929e-10,-2.676383717414784e-09,-0.31809601586546105,-0.27672418428729584,-4.5707612172834645e-10,-1.338191858707392e-09,-4.5707612172834645e-10,-1.338191858707392e-09,1.2674878818769262,2187819386011.0,0.12512324704559669,0.16181216155970055,1.2679095301355126,0.15023962688526343,747277001794.0,0.36632609443327036,0.25543823319305375,0.025233743371535337,1.9277220906821253,0.6584375261632119,1.0234107652646258,0.14978161926983613,0.30603364210055395,273747065527.0,0.01874116255078921,0.022503134593370767,0.05486891560501014,0.06858614298417344
2021,1,BMI,-0.5574215847264894,-2.984451348990199e-10,-8.471787746018587e-10,-0.21418412155994068,-0.3432374631665487,-1.4922256744950994e-10,-4.2358938730092936e-10,-1.4922256744950994e-10,-4.2358938730092936e-10,1.2845502843141579,6701399239350.0,0.1269997522642077,0.05786746652150918,1.2859720863010224,0.15247363524293708,2360776804093.0,0.36050677969448264,0.061362144110357675,0.019142448585533548,1.8386415978551804,0.6477188241179938,0.9410328321502921,0.08241504322756066,0.34156318411422115,851076043221.0,0.010466690072744174,0.012566121239609975,0.029711181832349477,0.037098985324642245
2021,1,BVH,-1.1412252643107967,-0.009496253867445124,-0.06546156969077693,-0.28729808307300275,-0.8539271812377939,-0.002028708342711385,-0.013984718017483995,-0.007467545524733739,-0.05147685167329293,6.510831167064583,146603447246883.0,0.059405287804343676,0.2973640075223451,6.519829312651516,0.09072180039999858,21267188664667.0,0.40950499448378147,-0.019401432951918728,0.014960347625218069,5.893409822918807,0.8549339114185177,84498351846.032,0.05728307724306461,0.3989914467765344,8709019976810.0,0.003402917689942703,0.005196823899943009,0.023457706230435204,0.020735568251655224
2021,1,MIG,-0.5817308805816338,-3.579733559059828e-10,-1.2718795366388516e-09,-0.241591120165242,-0.34013976041639177,-1.789866779529914e-10,-6.359397683194258e-10,-1.789866779529914e-10,-6.359397683194258e-10,1.043458963234264,5587007990967.0,0.1110664347296913,0.010384029841200522,1.044228997809936,0.1508244446152617,1572475963632.0,0.3946191056108377,0.1589634584385511,0.01601845165108989,2.553000567374335,0.7185477511085794,0.7577090582594903,0.06023263406326341,0.32828560700391674,620529058363.0,0.006689823919784826,0.009084553580305998,0.02376894818262988,0.029711184554876507
2021,1,PGI,-0.6281651101766699,-2.998873062506153e-10,-1.3013723643018779e-09,-0.23237358326908425,-0.39579152690758557,-1.4994365312530766e-10,-6.506861821509389e-10,-1.4994365312530766e-10,-6.506861821509389e-10,1.1133886747162522,6669171913294.0,0.11772027376427749,0.022945818742937853,1.1145693397636365,0.13805577370468117,1536839151393.0,0.510851602591191,0.22301955437569546,0.004482241578757713,3.3395380103695453,0.7695607233741358,0.7055445383020835,0.07274670796702422,0.4550231822693694,785096743414.0,0.008563762377328038,0.010043103052856023,0.03716277234818768,0.046027781682831115
2021,1,PRE,-0.8519124472396408,-4.313966933578761e-10,-2.201039233976523e-09,-0.5622127831925462,-0.2896996640470946,-2.1569834667893804e-10,-1.1005196169882614e-09,-2.1569834667893804e-10,-1.1005196169882614e-09,1.1042226586686732,4636104149136.0,0.05451353773622616,0.009434751486981228,1.1042226589369537,0.06140305038675978,908661676324.0,0.2781348053605865,0.09580776787845731,0.014332931475353188,4.10212356252484,0.8040031787264008,0.4343268721870023,0.12676195930453765,0.19738987729581067,252730438483.0,0.0069102428520658775,0.007783570974300917,0.03525691287829417,0.04441053047425974
2021,1,PTI,-0.617980421914662,-0.026996560759301135,-0.10738964500652907,-0.2827461183963625,-0.33523430351829947,-1.2033019531174367e-10,-4.786615996499615e-10,-0.02699656063897094,-0.10738964452786748,1.1505999168530716,8310466025666.0,0.1401227933316385,0.02161320559025662,1.1509039630848859,0.16337128335708664,2089158605435.0,0.5573945943474853,0.14028099730093166,0.015681180595839457,2.977900961681946,0.7486111369707964,0.9079826373353529,0.05839971565061745,0.47864369470349044,1164485713404.0,0.008183131286737921,0.00954083649353031,0.0325516858150844,0.03634459782502266
2021,1,PVI,-0.5111340115373322,-0.009809313688078348,-0.03093923417088534,-0.1889330514329582,-0.32220096010437393,-4.318981355704023e-11,-1.3622357260958593e-10,-0.009809313644888535,-0.030939234034661766,1.2953828844787392,23153607706116.0,0.050986685625461534,0.07470345772343571,1.2954858457151257,0.057853130017994116,7340873395429.0,0.16081543075543128,0.1631141933464846,0.01538981590647552,2.154067160527961,0.6829490467055847,0.9523883809905409,0.16135289061441085,0.1353466992037582,1180525717207.0,0.008226849108516449,0.009334769759494694,0.025948034607790466,0.03161869734508661
2021,1,VNR,-0.8911320313150519,-2.869886180400651e-10,-6.143181358308202e-10,-0.7570116505280633,-0.13412038078698865,-1.4349430902003254e-10,-3.071590679154101e-10,-1.4349430902003254e-10,-3.071590679154101e-10,1.4867296366897595,6968917491079.0,0.05584750218526989,0.022204733759690943,1.496540381571066,0.07005984776323369,3255642123108.0,0.11954527558466815,0.13865214543046242,0.023433369767591222,1.1405662009392237,0.5328338831281058,0.9580216726275803,0.2905470013162443,0.10324714095912603,389196634812.0,0.016226324290932563,0.020355678680280133,0.034733521342649364,0.04264652641247974
2021,2,ABI,-0.6918180981803559,-6.269304805867062e-10,-1.770534277718622e-09,-0.37693714618327473,-0.31488095199708116,-3.134652402933531e-10,-8.85267138859311e-10,-3.134652402933531e-10,-8.85267138859311e-10,1.4544327385259987,3190146374967.0,0.13549164549932954,0.041213328841609644,1.4557018007586229,0.14410161508442923,1129602530247.0,0.3826462584440975,0.39079834754926196,0.012815852778342855,1.8241317539094388,0.6459088714201445,1.4220687842882052,0.201321747831522,0.3771736843240233,432238181728.0,0.027277414888493997,0.02901078901414251,0.077035013551158,0.09634957397138842
2021,2,AIC,-0.49459991628308864,-6.418648884280476e-10,-1.926505665611522e-09,-0.19894073068804877,-0.29565918559503984,-3.209324442140238e-10,-9.63252832805761e-10,-3.209324442140238e-10,-9.63252832805761e-10,1.0005269069991778,3115920555957.0,0.12044277810822948,0.06461807651506565,1.0005269074807495,0.180633892683418,1038149036206.0,0.36149927903948,0.11015492890167575,0.007894974590646189,2.001419302323282,0.6668242923519753,0.4508241586368593,0.003926949939682555,0.3164518241538982,375290128124.0,0.00047297276022731106,0.0007093402539777734,0.0014195895720193728,0.0010205645297624057
2021,2,BIC,-0.6175259925691051,-3.16555829945169e-10,-8.469706244513708e-10,-0.31834736025879523,-0.2991786323103099,-1.582779149725845e-10,-4.234853122256854e-10,-1.582779149725845e-10,-4.234853122256854e-10,1.390819327882059,6318000841578.0,0.08955634309454763,0.03910918078759391,1.3908522003537753,0.10286903007748507,2361356984837.0,0.23961521052229098,0.2337848356069577,0.022418612400734672,1.6755805590378023,0.6262493399340509,1.2333728033896947,0.17439066024014957,0.21820072108731442,565817051040.0,0.015617789800951519,0.017939398073476425,0.041786654766564756,0.050609793871988315
2021,2,BLI,-0.720915241548682,-9.319741366681517e-10,-2.8093413130251058e-09,-0.45726097375901403,-0.263654267789668,-4.659870683340759e-10,-1.4046706565125529e-09,-4.659870683340759e-10,-1.4046706565125529e-09,1.3853297769113662,2145982298554.0,0.12375917221030004,0.3585883473821786,1.3857050697345892,0.13397258795610875,711910649919.0,0.37305944626227716,0.31908207421501245,0.03573490553820644,2.0143983641741645,0.6682588433284385,1.2610272392806086,0.08122879504501222,0.32073033100569454,265584992847.0,0.010052808434410834,0.01088243188873663,0.030303169300044265,0.03787896011432091
2021,2,BMI,-0.5164523606512507,-3.3228992250285234e-10,-9.003833867070436e-10,-0.19720749905084864,-0.31924486160040205,-1.6614496125142617e-10,-4.501916933535218e-10,-1.6614496125142617e-10,-4.501916933535218e-10,1.3374884957321824,6018840369686.0,0.15355007861310246,0.05663530455392344,1.3390389716439304,0.18176165269989666,2221275991458.0,0.41606419710068465,0.06166401312934786,0.01317516256016971,1.7096319380534775,0.6309461864704874,0.9733169561998779,0.053948468746546456,0.3925221453299474,924193411925.0,0.00828379161708871,0.009805762840001007,0.02244602633384323,0.02791963938279182
2021,2,BVH,-1.1187611035689669,-0.014590870348215363,-0.1003904724888517,-0.2717703007686173,-0.8469908028003497,-0.002054179489036972,-0.01413349886331851,-0.012536690859178391,-0.0862569736255332,7.3757739193945575,149047976641777.0,0.06383185929843946,0.2361328058980921,7.387549139922631,0.10632101007744099,21662809716186.0,0.4391863104722898,-0.04553483587291805,0.016119514542009834,5.88036217806093,0.8546588138646756,77864512924.801,0.046558301468038785,0.4292696300461358,9514009473715.0,0.002971902948482179,0.004950125639571887,0.020447768643604546,0.018784301749639364
2021,2,MIG,-0.5343854268537943,-3.372580275335805e-10,-1.2198793933165646e-09,-0.23338986408221798,-0.3009955627715763,-1.6862901376679026e-10,-6.099396966582823e-10,-1.6862901376679026e-10,-6.099396966582823e-10,1.0222547756981257,5930177599111.0,0.11384762618259706,0.01537894119084901,1.0230028999797744,0.1589284459357734,1639506340510.0,0.4117926389293412,0.20119553144828753,0.02121603062526491,2.6170507259315046,0.7235316627353993,0.7650261208164935,0.11651775934232454,0.3581187222065634,675136642500.0,0.01326527030923877,0.018517986416194083,0.04798115560170973,0.06008222186209638
2021,2,PGI,-0.552188802479678,-3.069105149900485e-10,-1.2586697804068918e-09,-0.1923163696302382,-0.3598724328494398,-1.5345525749502425e-10,-6.293348902034459e-10,-1.5345525749502425e-10,-6.293348902034459e-10,1.1297934799992153,6516557440415.0,0.11956048934993849,0.02605615615378294,1.1309945794493288,0.14076054728155418,1588979119967.0,0.49032915956075046,0.27560175031530254,0.005081071273238585,3.101096961268022,0.756162799991247,0.7604466992606741,0.136012366287363,0.4394983499459096,779122796453.0,0.016261705070960197,0.019145175115668427,0.06669082925155165,0.08266295640083803
2021,2,PRE,-0.8116707575778139,-4.1778399636815693e-10,-2.1518372710388254e-09,-0.4809132496161871,-0.3307575079616268,-2.0889199818407846e-10,-1.0759186355194127e-09,-2.0889199818407846e-10,-1.0759186355194127e-09,0.9828269802368282,4787162786000.0,0.04559380194743183,0.014426437727499828,0.9828269804960484,0.05756728234883702,929438311585.0,0.23483532928913378,0.10046681199426377,0.012748861017854602,4.15059765272243,0.8058477739041733,0.28954583005423307,0.1487579882944015,0.16490406164409885,218264951955.0,0.0067824422563933255,0.008563593113788804,0.03493363116550489,0.04371359105510378
2021,2,PTI,-0.5800168012112124,-0.031344385255098084,-0.1295511776701759,-0.22371769776652345,-0.3562991034446889,-1.1949640545169602e-10,-4.938970704841666e-10,-0.03134438513560168,-0.12955117717627884,1.1383959974077136,8368452559054.0,0.15217030038143076,0.030818743198743205,1.138916629918088,0.1770360887888665,2024713365924.0,0.6289433166545312,0.11276875505904119,0.0007876790889041641,3.1331542034024977,0.7580540307020776,0.8996477799574228,0.02234912788061826,0.5177520696978246,1273429939639.0,0.003400873502856689,0.003956602187826866,0.0140563346135723,0.01533769912564274
2021,2,PVI,-0.4770599788299543,-0.009437400778654745,-0.029936768412016954,-0.1824432601573984,-0.2946167186725559,-4.155230356110814e-11,-1.3180977663979632e-10,-0.009437400737102442,-0.029936768280207176,1.2557607440642928,24066054449409.0,0.04986846897267251,0.09984791660806287,1.2564564969826117,0.05820183750937816,7586690649911.0,0.1581898280799256,0.22421472987275048,0.016045085156362097,2.172141261577776,0.6847555270906773,0.8815300823674721,0.22693926273521675,0.1341221305497591,1200137289605.0,0.011317113582392332,0.013208282094213163,0.035899482956669,0.042474587156743876
2021,2,VNR,-0.9601259756541813,-2.7581815573883647e-10,-6.406814656467637e-10,-0.7034288254110271,-0.2566971502431542,-1.3790907786941823e-10,-3.203407328233819e-10,-1.3790907786941823e-10,-3.203407328233819e-10,1.4448352113206506,7251154278233.0,0.05706653647960123,0.03547040517909602,1.4509404408721298,0.06908359310922257,3121676070309.0,0.13255643789364732,0.07124825227193497,0.016606082726935274,1.32284007530456,0.5694925317366566,0.9660652921169,0.16454918358354675,0.11265613958087242,413798260138.0,0.00939025198765907,0.01136764884514051,0.02181205363414279,0.026121353413099582
